-- phpMyAdmin SQL Dump
-- version 5.2.0
-- https://www.phpmyadmin.net/
--
-- Host: 127.0.0.1
-- Waktu pembuatan: 05 Mar 2024 pada 04.10
-- Versi server: 10.4.24-MariaDB
-- Versi PHP: 8.1.6

SET SQL_MODE = "NO_AUTO_VALUE_ON_ZERO";
START TRANSACTION;
SET time_zone = "+00:00";


/*!40101 SET @OLD_CHARACTER_SET_CLIENT=@@CHARACTER_SET_CLIENT */;
/*!40101 SET @OLD_CHARACTER_SET_RESULTS=@@CHARACTER_SET_RESULTS */;
/*!40101 SET @OLD_COLLATION_CONNECTION=@@COLLATION_CONNECTION */;
/*!40101 SET NAMES utf8mb4 */;

--
-- Database: `bukutamu_pbj`
--

-- --------------------------------------------------------

--
-- Struktur dari tabel `buku_tamu`
--

CREATE TABLE `buku_tamu` (
  `id` int(9) UNSIGNED NOT NULL,
  `nama` varchar(255) NOT NULL,
  `no_hp` varchar(255) NOT NULL,
  `instansi` varchar(255) NOT NULL,
  `layanan` varchar(255) NOT NULL,
  `created_at` timestamp NULL DEFAULT current_timestamp(),
  `updated_at` timestamp NULL DEFAULT current_timestamp() ON UPDATE current_timestamp()
) ENGINE=InnoDB DEFAULT CHARSET=utf8;

--
-- Dumping data untuk tabel `buku_tamu`
--

INSERT INTO `buku_tamu` (`id`, `nama`, `no_hp`, `instansi`, `layanan`, `created_at`, `updated_at`) VALUES
(1, 'Mitchel', '639.865.6202', 'Organized mission-critical support', '2', '2002-12-11 16:29:34', '2002-08-18 16:39:41'),
(2, 'Louie', '270-853-8104x2754', 'Centralized attitude-oriented installation', '3', '2011-03-24 14:39:33', '1971-02-13 12:31:50'),
(3, 'Harvey', '(163)164-2066x09739', 'Function-based multimedia moderator', '1', '2007-04-01 22:28:24', '1996-11-18 15:17:49'),
(4, 'Devyn', '1-973-118-2280x871', 'Progressive impactful methodology', '3', '1984-10-09 02:38:45', '2013-05-29 04:17:08'),
(5, 'Terry', '843.305.3333x0463', 'Business-focused fault-tolerant utilisation', '1', '2007-01-18 02:46:52', '1974-07-06 20:17:47'),
(6, 'Frederick', '1-728-468-7373x9817', 'Versatile cohesive capacity', '3', '2017-02-19 10:00:02', '1975-01-23 03:01:03'),
(7, 'Paxton', '949-030-3722x2703', 'Diverse multi-state pricingstructure', '3', '2011-12-28 14:03:49', '1975-03-03 09:23:24'),
(8, 'Garry', '403-954-0825x78522', 'Progressive reciprocal encoding', '1', '2023-06-06 09:37:25', '1998-05-15 22:55:36'),
(9, 'Allan', '570-641-4261x5468', 'Facetoface homogeneous complexity', '3', '2011-05-07 16:17:55', '2008-10-31 01:14:17'),
(10, 'Fredy', '1-513-212-9766', 'Triple-buffered optimizing opensystem', '3', '1983-11-06 21:50:05', '1981-02-19 19:01:07'),
(11, 'Noah', '+70(1)5342264990', 'Vision-oriented content-based conglomeration', '3', '2002-05-19 05:26:33', '1976-09-10 10:21:33'),
(12, 'Royce', '(126)569-5894x9865', 'Proactive responsive knowledgeuser', '2', '2008-09-11 23:07:46', '1998-02-04 13:48:08'),
(13, 'Adan', '207.164.9811x95988', 'Down-sized tertiary customerloyalty', '3', '1977-05-08 21:25:51', '2009-02-17 22:40:00'),
(14, 'Cornelius', '1-131-508-2336x79032', 'Balanced impactful knowledgebase', '3', '1974-04-27 08:32:09', '2001-11-04 18:11:46'),
(15, 'Bryce', '1-413-127-2269x25678', 'Seamless 6thgeneration structure', '2', '1999-09-28 15:54:07', '2020-03-29 14:48:26'),
(16, 'Chandler', '051.439.6951x7871', 'Organic homogeneous orchestration', '1', '1995-04-10 12:03:53', '1978-11-02 12:41:36'),
(17, 'Hadley', '(404)384-2437x27974', 'Implemented zeroadministration policy', '1', '1998-04-04 12:27:36', '2008-06-28 22:29:42'),
(18, 'Mekhi', '1-755-167-8622', 'Intuitive grid-enabled frame', '2', '2010-09-25 18:51:12', '1992-03-07 17:00:25'),
(19, 'Garret', '(080)968-4132x22061', 'Self-enabling nextgeneration emulation', '3', '1981-03-12 21:37:15', '1998-06-30 23:05:39'),
(20, 'Richie', '(629)734-7722x7893', 'Enterprise-wide incremental archive', '2', '1993-04-24 06:47:34', '2021-01-09 17:41:02'),
(21, 'Gunner', '1-380-883-4163', 'Extended interactive superstructure', '2', '2018-12-30 13:59:57', '2008-10-07 16:04:37'),
(22, 'Gay', '512-896-0978x916', 'Multi-lateral object-oriented groupware', '1', '1974-12-28 02:51:45', '1986-11-17 19:23:17'),
(23, 'Tyrell', '(617)564-1205', 'Total full-range processimprovement', '1', '2011-06-06 06:49:54', '2009-12-26 06:56:17'),
(24, 'Ceasar', '+23(6)6293651424', 'Exclusive fresh-thinking processimprovement', '3', '2007-01-02 07:06:31', '1988-04-23 06:34:32'),
(25, 'Daron', '711.160.0199x98868', 'Organic system-worthy product', '3', '1982-05-26 20:21:07', '2004-03-01 13:11:46'),
(26, 'Jeffery', '932-411-2266x8302', 'Self-enabling 24hour budgetarymanagement', '3', '1972-11-04 03:39:08', '2016-03-04 09:26:03'),
(27, 'Sanford', '00098794073', 'Cross-platform mobile productivity', '2', '2011-12-30 17:09:56', '1982-11-25 01:34:34'),
(28, 'Mitchel', '(090)010-0093x89376', 'Universal 5thgeneration function', '3', '1980-04-09 18:23:38', '1984-01-23 13:12:17'),
(29, 'Xavier', '(406)047-7303x19053', 'Fundamental solution-oriented approach', '1', '1998-04-29 18:10:53', '1991-11-27 05:59:19'),
(30, 'Brando', '(568)928-7261x72981', 'Persevering coherent opensystem', '3', '1970-04-11 21:48:05', '2001-09-05 20:09:01'),
(31, 'Jamaal', '(584)141-6359', 'Fully-configurable context-sensitive collaboration', '1', '2018-10-17 17:38:26', '1986-05-27 08:40:17'),
(32, 'Demetrius', '(481)313-4630', 'Enterprise-wide tertiary structure', '1', '1983-12-18 03:10:07', '2022-10-18 16:13:06'),
(33, 'Bryon', '+71(8)2281398695', 'Intuitive incremental project', '2', '1979-05-08 02:00:44', '2007-08-02 07:32:31'),
(34, 'Morgan', '699-981-9468', 'Synergistic bottom-line GraphicalUserInterface', '1', '2018-04-27 11:07:54', '2009-06-01 06:50:49'),
(35, 'Trent', '+19(4)7355117053', 'Reverse-engineered upward-trending solution', '3', '1983-09-14 04:00:43', '1974-01-01 04:43:29'),
(36, 'Darren', '237.152.9156', 'Stand-alone tertiary portal', '3', '2000-11-25 01:23:12', '1988-10-21 06:07:23'),
(37, 'Jay', '(762)729-3990', 'Exclusive cohesive data-warehouse', '2', '1989-11-17 09:59:28', '1995-04-18 17:33:05'),
(38, 'Torrey', '04315104307', 'Cloned assymetric alliance', '1', '2007-05-08 12:08:39', '2011-09-25 14:30:41'),
(39, 'Kris', '(460)487-2661', 'Open-architected empowering orchestration', '3', '2012-11-06 05:22:22', '1976-04-04 09:09:08'),
(40, 'Kraig', '(454)322-8222x9892', 'Triple-buffered encompassing circuit', '3', '1993-06-29 02:45:22', '2006-12-26 01:36:52'),
(41, 'Edison', '(934)037-2944x2456', 'Optional static synergy', '2', '2002-12-06 12:51:49', '1988-06-15 06:08:56'),
(42, 'Rodolfo', '(966)631-1574x025', 'Phased modular workforce', '3', '2012-05-12 20:21:50', '1992-11-15 12:05:02'),
(43, 'Jeramy', '186.605.5998x548', 'Multi-layered coherent ability', '2', '1996-07-02 11:05:28', '1998-01-09 02:24:06'),
(44, 'Chandler', '1-375-534-6889x633', 'Function-based intangible moderator', '1', '2009-01-28 06:05:45', '1994-01-19 14:10:29'),
(45, 'Quinten', '437-884-5300x2939', 'Quality-focused zerotolerance array', '2', '1988-03-01 23:06:15', '2005-07-11 20:09:32'),
(46, 'Franz', '116.447.0955x6921', 'Monitored tertiary analyzer', '1', '1973-12-17 20:20:36', '1992-10-11 15:38:32'),
(47, 'Leonel', '(814)043-1529x9380', 'Re-engineered full-range adapter', '1', '2003-09-27 06:01:22', '2019-04-06 08:32:47'),
(48, 'Warren', '967-260-9794', 'De-engineered multi-tasking functionalities', '3', '2015-02-03 19:54:36', '1979-05-07 12:04:52'),
(49, 'Joesph', '1-869-780-1660x4986', 'Vision-oriented didactic challenge', '3', '1995-02-26 21:42:11', '2000-09-22 11:50:16'),
(50, 'Vincent', '178.015.3164x0184', 'Profound uniform moderator', '2', '1984-09-05 20:16:13', '1991-11-01 10:34:18'),
(51, 'Florian', '(346)076-3275x34513', 'Visionary optimal contingency', '1', '1985-02-11 16:47:14', '1998-11-02 04:24:21'),
(52, 'Rowland', '207.834.4736x49757', 'User-friendly context-sensitive neural-net', '3', '2016-01-04 14:54:57', '1989-10-28 00:11:53'),
(53, 'Sigmund', '1-046-300-2508x9591', 'Synergized needs-based matrices', '1', '2000-09-02 23:24:51', '1999-05-14 05:22:04'),
(54, 'Jeromy', '07094575914', 'Cross-platform scalable support', '1', '2000-09-23 15:51:01', '2003-02-12 03:51:04'),
(55, 'Andrew', '(705)486-9178', 'Diverse zerodefect function', '2', '2017-03-22 03:11:25', '2020-10-26 02:04:50'),
(56, 'Antone', '562.525.1724x6550', 'Profound leadingedge time-frame', '3', '1977-07-10 10:50:04', '1977-02-18 02:59:07'),
(57, 'Jedediah', '825-025-4364x49928', 'Object-based cohesive interface', '2', '2010-05-10 21:03:17', '1996-04-20 11:59:49'),
(58, 'Elwin', '(502)994-3851x456', 'Enterprise-wide didactic parallelism', '2', '1982-01-07 23:29:28', '1979-09-19 14:03:07'),
(59, 'Orrin', '(452)064-2961x38668', 'Reactive radical leverage', '3', '1985-08-20 15:57:54', '2011-04-22 05:33:51'),
(60, 'Willy', '288-701-9620', 'Fundamental hybrid circuit', '2', '1999-01-07 16:15:11', '1999-03-09 16:10:44'),
(61, 'Damion', '071.594.6441x159', 'Optimized directional initiative', '3', '1985-10-02 16:13:40', '1978-06-14 17:52:09'),
(62, 'Jamel', '389.968.6308', 'Total object-oriented complexity', '1', '1991-01-28 22:05:50', '1998-12-12 16:05:19'),
(63, 'Montana', '(782)113-2316x1777', 'Extended system-worthy firmware', '1', '1975-10-05 13:23:46', '2001-09-11 22:20:55'),
(64, 'Webster', '(463)134-5655x6429', 'Re-contextualized transitional encryption', '2', '1992-04-29 19:13:32', '2005-01-06 03:58:13'),
(65, 'Immanuel', '435.031.3145', 'Extended tangible workforce', '3', '1976-08-08 02:59:15', '1974-03-23 00:15:39'),
(66, 'Drake', '07941584135', 'Customizable multi-state toolset', '3', '1973-07-02 18:50:25', '2016-05-19 00:16:06'),
(67, 'Nathaniel', '1-147-252-9220', 'Inverse hybrid database', '3', '1976-08-23 23:21:57', '1977-11-03 18:55:04'),
(68, 'Luigi', '918-807-7302x6721', 'Visionary directional knowledgebase', '1', '1982-11-12 13:58:41', '2017-12-29 14:13:46'),
(69, 'Niko', '02081335141', 'Visionary clear-thinking alliance', '2', '2020-10-30 19:10:14', '2022-09-03 15:52:42'),
(70, 'Jules', '07077369530', 'Monitored user-facing intranet', '1', '2018-09-24 21:01:09', '1979-09-25 21:30:37'),
(71, 'Nathen', '(526)995-5786', 'Synergistic needs-based synergy', '2', '1984-09-12 14:34:01', '1993-05-01 04:14:21'),
(72, 'Kaleigh', '(882)812-3705x35404', 'Re-contextualized fresh-thinking definition', '1', '2008-08-26 15:42:37', '2018-08-14 06:56:12'),
(73, 'Angus', '1-977-910-5021x696', 'Upgradable encompassing artificialintelligence', '1', '2000-11-10 10:52:33', '1999-08-13 04:10:53'),
(74, 'Vidal', '488.668.2266x256', 'Function-based holistic moderator', '3', '1989-02-07 10:22:52', '1979-02-07 18:38:59'),
(75, 'Gardner', '660.783.6233x201', 'Optional 5thgeneration info-mediaries', '3', '1970-01-07 10:53:43', '2020-01-25 10:03:00'),
(76, 'Ole', '129.776.0469x75991', 'Balanced exuding openarchitecture', '3', '2003-06-24 16:21:45', '2004-10-18 17:07:39'),
(77, 'Jarrod', '1-320-244-6176x72511', 'Re-contextualized systemic contingency', '2', '2018-04-18 05:47:50', '1985-08-18 17:13:20'),
(78, 'Edward', '081.931.5343x2006', 'Facetoface transitional alliance', '3', '2021-12-17 07:57:28', '2014-01-13 21:42:55'),
(79, 'Rhett', '03033238267', 'Optional optimizing processimprovement', '3', '2019-04-25 06:50:13', '2015-03-12 23:59:32'),
(80, 'Howard', '(064)030-5377', 'Visionary analyzing intranet', '2', '1993-05-04 07:18:10', '2004-11-27 16:24:52'),
(81, 'Taurean', '(449)615-9419', 'Fully-configurable high-level extranet', '1', '1984-06-06 13:33:01', '1984-03-21 22:04:41'),
(82, 'Carroll', '845-966-5506', 'Proactive client-server access', '3', '1994-12-29 15:56:15', '2003-03-06 11:45:32'),
(83, 'Myles', '227-529-2996x5727', 'Reactive 5thgeneration systemengine', '3', '2002-12-18 04:30:14', '1970-08-18 09:09:25'),
(84, 'Kenny', '154-297-6102x69331', 'User-friendly background superstructure', '2', '2018-06-21 18:55:08', '1981-03-13 06:38:07'),
(85, 'Kaden', '06049454611', 'Programmable foreground time-frame', '1', '1992-06-11 07:01:25', '1992-03-19 00:08:26'),
(86, 'Trystan', '240.947.4368x244', 'Re-contextualized content-based focusgroup', '1', '2016-06-15 07:41:10', '1984-06-11 05:13:00'),
(87, 'Tremaine', '(884)439-3426', 'Multi-lateral multi-tasking pricingstructure', '2', '1970-07-10 08:15:16', '1980-01-23 02:59:01'),
(88, 'Abdullah', '06670949028', 'Quality-focused eco-centric securedline', '2', '2008-03-20 10:11:51', '1997-09-10 04:52:26'),
(89, 'Malachi', '04424307383', 'Future-proofed cohesive neural-net', '3', '2022-01-02 19:47:29', '2020-10-15 17:39:52'),
(90, 'Baron', '880-758-8966x1251', 'Synchronised logistical attitude', '2', '2009-01-20 17:43:55', '1996-07-01 19:24:18'),
(91, 'Jeffery', '03545648950', 'Secured well-modulated systemengine', '2', '2016-02-08 13:46:19', '2014-09-27 16:28:46'),
(92, 'Neal', '+75(4)0948010885', 'Customer-focused zeroadministration paradigm', '3', '1989-04-18 14:10:18', '2017-03-12 10:18:31'),
(93, 'Lonnie', '1-739-110-1979x22342', 'Team-oriented needs-based array', '2', '2008-09-05 05:54:25', '1983-09-02 03:50:39'),
(94, 'Mohammad', '976-154-7188x54097', 'Operative object-oriented database', '3', '1975-10-10 05:04:16', '1988-06-04 15:32:07'),
(95, 'Daron', '+54(6)1446297449', 'Function-based coherent structure', '3', '2021-08-02 01:39:15', '1991-01-28 04:36:34'),
(96, 'Oren', '942-685-1986x8338', 'Future-proofed contextually-based moratorium', '1', '2002-11-23 10:49:48', '1978-03-13 01:25:37'),
(97, 'Kale', '332-659-7762x8645', 'Extended context-sensitive methodology', '2', '1990-11-14 08:52:00', '1972-08-16 08:59:55'),
(98, 'Kenyon', '(881)750-4675x5926', 'Optimized methodical forecast', '1', '2008-07-19 15:39:05', '2018-07-07 20:59:24'),
(99, 'Marcus', '(283)667-2285x016', 'Centralized bi-directional application', '1', '2001-09-16 11:59:54', '1996-09-12 09:54:19'),
(100, 'Afton', '(478)608-3532', 'Operative scalable firmware', '2', '2010-02-27 10:08:28', '1974-06-04 00:05:32'),
(101, 'Rigoberto', '087-561-1980', 'Up-sized zeroadministration forecast', '3', '2010-07-30 18:35:10', '1988-08-28 03:15:58'),
(102, 'Ted', '+99(5)3677319186', 'Profound context-sensitive service-desk', '3', '1981-10-01 08:08:00', '1978-03-05 07:28:27'),
(103, 'Randi', '168.704.0987', 'Right-sized dedicated moratorium', '2', '1999-04-04 05:04:01', '1995-12-25 15:45:49'),
(104, 'Cristopher', '1-701-299-5781x84678', 'Devolved secondary standardization', '3', '2012-10-03 20:12:14', '2011-09-01 04:31:48'),
(105, 'Everett', '1-039-039-9281', 'Networked holistic support', '1', '2003-04-29 02:19:43', '2020-03-18 02:33:04'),
(106, 'Lesley', '234.254.4907', 'Optional interactive core', '1', '2012-08-24 05:32:44', '1983-05-11 13:34:22'),
(107, 'Lew', '(764)790-4695x06527', 'Inverse radical application', '2', '1981-07-28 23:55:12', '2003-12-12 07:58:15'),
(108, 'Blake', '+85(8)3280174294', 'Switchable full-range portal', '2', '1977-10-29 14:27:42', '2006-12-03 01:33:07'),
(109, 'Clyde', '+67(8)1096786695', 'User-centric exuding algorithm', '2', '1980-09-07 04:28:52', '2010-02-07 07:38:15'),
(110, 'Everardo', '(097)936-0778x8908', 'Expanded background attitude', '2', '1989-08-11 17:56:36', '1970-05-11 15:07:45'),
(111, 'Gaston', '1-871-094-9904x0927', 'Upgradable foreground localareanetwork', '2', '2012-09-05 23:23:13', '2006-06-13 14:51:46'),
(112, 'Mark', '262-623-3215x30365', 'Future-proofed incremental paradigm', '3', '2012-11-21 10:45:36', '1977-02-19 04:22:16'),
(113, 'Torrance', '724-197-4223', 'Horizontal client-driven moratorium', '3', '1986-01-21 09:18:34', '2007-04-05 06:55:00'),
(114, 'Devante', '734-319-4089x08343', 'Innovative hybrid core', '3', '1997-11-14 06:23:05', '1989-12-09 23:47:31'),
(115, 'Americo', '1-248-830-1013', 'Intuitive reciprocal toolset', '1', '1977-06-23 00:06:45', '1986-05-25 12:27:34'),
(116, 'Adrien', '+66(6)6687777406', 'Integrated bottom-line task-force', '2', '1979-07-26 08:55:07', '2022-04-21 02:12:38'),
(117, 'Sherman', '1-770-087-6327', 'Advanced upward-trending securedline', '1', '1970-08-27 20:27:30', '1980-12-23 12:18:21'),
(118, 'Armando', '089-701-2465x65098', 'Re-contextualized holistic instructionset', '3', '1988-12-30 11:30:47', '2007-03-04 07:46:59'),
(119, 'Furman', '+40(8)4841576878', 'Vision-oriented zerodefect array', '1', '1974-03-26 05:41:50', '2002-01-28 05:00:00'),
(120, 'Marques', '269-833-3681x1742', 'Facetoface systemic firmware', '2', '2001-08-03 21:36:14', '2015-02-16 20:46:45'),
(121, 'Nolan', '640-796-2143', 'Versatile zerodefect challenge', '3', '1998-01-07 09:55:58', '1977-10-30 07:25:38'),
(122, 'Mario', '1-730-775-1879', 'Ameliorated foreground architecture', '2', '1993-07-09 21:45:34', '1999-05-19 07:19:32'),
(123, 'Russell', '06049774594', 'Enhanced solution-oriented methodology', '3', '1995-05-13 21:44:30', '2011-10-13 12:00:23'),
(124, 'Houston', '(823)899-6772x8722', 'Stand-alone full-range parallelism', '1', '2023-08-17 16:14:55', '2006-12-28 02:07:23'),
(125, 'Donato', '+68(7)0904937035', 'Versatile methodical infrastructure', '1', '2007-10-30 11:53:37', '1973-09-15 03:10:24'),
(126, 'Jules', '028-468-7373x3179', 'Down-sized demand-driven circuit', '2', '1999-11-15 21:52:00', '1987-02-17 20:52:50'),
(127, 'Dillon', '(419)867-7047', 'Focused web-enabled installation', '1', '2003-12-12 19:57:59', '2008-07-22 15:21:51'),
(128, 'Marco', '662-296-6429x1602', 'Streamlined fault-tolerant middleware', '1', '2013-03-24 16:21:27', '2020-08-14 23:42:58'),
(129, 'Paolo', '1-522-056-2545', 'Synchronised 3rdgeneration concept', '2', '2008-08-03 12:07:53', '2005-12-31 14:23:33'),
(130, 'Leland', '(318)226-0282', 'Public-key zerotolerance capacity', '2', '1984-02-27 16:51:49', '2012-04-04 07:14:35'),
(131, 'Raymond', '(208)706-9654', 'Diverse 5thgeneration standardization', '3', '1972-04-22 01:40:25', '1976-06-16 00:29:38'),
(132, 'Amos', '1-205-992-3289', 'Synergized grid-enabled website', '2', '1995-09-12 18:43:52', '1983-11-27 06:40:46'),
(133, 'Denis', '267-322-3337', 'Open-architected mobile software', '2', '1977-11-02 22:46:45', '2010-03-02 18:16:14'),
(134, 'Sebastian', '(712)170-9480', 'Realigned mobile info-mediaries', '3', '2004-09-30 11:28:58', '2006-04-19 09:15:41'),
(135, 'Brett', '(610)465-1297', 'Multi-tiered clear-thinking project', '2', '2000-08-05 10:09:01', '2005-04-12 04:41:36'),
(136, 'Tomas', '1-356-397-8454x98731', 'Ameliorated 4thgeneration hierarchy', '2', '1981-03-10 17:06:38', '2007-11-23 10:38:42'),
(137, 'Deontae', '020-905-3820x327', 'Optional content-based artificialintelligence', '2', '2018-11-10 16:43:29', '1995-04-11 21:55:49'),
(138, 'Kevin', '719-792-8487x7447', 'Enhanced directional customerloyalty', '1', '2000-10-29 23:51:20', '2007-11-16 22:38:32'),
(139, 'Samir', '1-709-716-4795x8152', 'Persevering clear-thinking superstructure', '2', '2009-04-11 01:22:05', '2011-01-26 11:03:24'),
(140, 'Lionel', '886.718.6486', 'Profound empowering encoding', '3', '2001-05-08 19:53:52', '2007-09-17 00:09:13'),
(141, 'Berta', '+77(3)6934826331', 'Configurable cohesive database', '1', '1981-01-28 21:53:10', '1996-07-02 13:01:01'),
(142, 'Charley', '1-480-496-8134', 'Function-based bifurcated contingency', '3', '2023-11-09 16:03:21', '2022-06-27 22:49:01'),
(143, 'Abelardo', '1-646-973-4380x5593', 'Monitored systematic utilisation', '1', '2019-06-29 23:00:38', '1992-01-27 12:32:12'),
(144, 'Constantin', '361.327.6401x509', 'Managed 3rdgeneration interface', '2', '2002-05-03 05:32:27', '2009-10-30 06:35:18'),
(145, 'Abdiel', '1-825-079-1160x6154', 'User-centric cohesive complexity', '3', '1982-02-20 15:20:53', '2014-05-04 18:03:37'),
(146, 'Lincoln', '(018)484-2911', 'Cross-platform exuding architecture', '1', '1992-02-05 17:06:30', '2015-04-02 20:04:39'),
(147, 'Rick', '01004884936', 'Future-proofed maximized synergy', '3', '2016-07-30 15:02:01', '2023-05-25 00:22:11'),
(148, 'Gust', '764.697.5303', 'Innovative multimedia ability', '2', '1970-11-05 02:24:51', '1995-03-19 14:00:00'),
(149, 'Demarco', '1-609-401-3003x829', 'Multi-channelled fresh-thinking matrices', '1', '1986-05-14 00:07:36', '1977-03-16 13:02:11'),
(150, 'Cloyd', '(107)498-2773x23887', 'User-centric scalable budgetarymanagement', '2', '2010-11-13 11:42:02', '2020-10-28 23:11:56'),
(151, 'Zachariah', '(570)993-0565x63533', 'Organized explicit methodology', '2', '2013-01-06 00:01:14', '1993-02-09 16:49:17'),
(152, 'Fredy', '09969442843', 'Optimized 4thgeneration access', '3', '2005-04-02 11:46:38', '1989-03-29 07:28:56'),
(153, 'Osbaldo', '+14(5)6621720616', 'Fundamental solution-oriented customerloyalty', '2', '1995-05-05 14:45:02', '1976-11-11 22:37:44'),
(154, 'Forrest', '1-635-760-2228x86714', 'Ergonomic interactive help-desk', '2', '1980-09-12 11:27:30', '1998-01-02 21:00:36'),
(155, 'Uriel', '501-866-6917x1934', 'User-centric didactic task-force', '3', '2015-01-21 16:37:31', '2000-11-20 00:39:26'),
(156, 'Lucas', '719-369-6697', 'Robust systematic support', '3', '1993-05-25 14:52:01', '1973-08-29 20:33:48'),
(157, 'Miguel', '03275394276', 'Organized systemic matrix', '2', '2001-07-30 23:43:26', '2022-10-16 21:49:47'),
(158, 'Gaetano', '044-777-0175x29824', 'Realigned optimizing portal', '3', '2012-10-29 02:46:08', '1992-11-02 04:23:39'),
(159, 'Randall', '(720)632-0822x301', 'Sharable mobile service-desk', '3', '2023-11-23 06:42:06', '2021-02-16 05:42:51'),
(160, 'Kip', '+94(7)2291892466', 'Progressive reciprocal analyzer', '2', '2008-12-18 14:36:03', '2011-10-21 18:36:51'),
(161, 'Mack', '+66(9)4747895469', 'Exclusive zeroadministration function', '1', '2002-07-09 10:24:16', '2007-10-08 23:29:51'),
(162, 'Frankie', '1-632-604-5394x31840', 'Ameliorated content-based adapter', '2', '2001-09-24 22:39:01', '2021-07-26 19:54:21'),
(163, 'Michael', '078-532-5007x83158', 'Triple-buffered mission-critical structure', '1', '1989-09-01 06:36:47', '2015-07-19 07:32:25'),
(164, 'Darrin', '(145)954-4847', 'Organized regional model', '3', '1983-10-28 20:15:10', '1983-01-29 23:27:05'),
(165, 'Gene', '1-990-065-3218x20059', 'Function-based motivating workforce', '1', '2023-02-18 18:15:02', '1977-01-10 07:43:19'),
(166, 'Dale', '032.662.2775x34045', 'Adaptive background data-warehouse', '3', '1996-12-14 12:19:30', '1995-05-04 15:46:26'),
(167, 'Deon', '014.268.4830x08447', 'Automated 6thgeneration systemengine', '1', '1989-12-17 08:57:25', '1970-07-12 23:14:57'),
(168, 'Travis', '+98(3)1711891645', 'Programmable bottom-line customerloyalty', '3', '1996-03-28 11:45:27', '2021-07-24 10:33:07'),
(169, 'Rex', '(844)509-9014x1154', 'Ergonomic multi-state monitoring', '3', '1998-08-24 02:26:06', '2011-08-27 06:55:16'),
(170, 'Ned', '(814)253-9325', 'Focused needs-based encoding', '1', '2017-09-21 06:16:49', '1985-03-18 12:53:21'),
(171, 'Kendrick', '555-971-6210', 'Operative full-range superstructure', '1', '1975-06-05 04:32:17', '1989-09-23 18:59:51'),
(172, 'Monserrat', '167.934.2771x8077', 'Automated uniform paradigm', '3', '2003-03-06 20:26:20', '1972-04-08 04:37:03'),
(173, 'Lincoln', '(795)041-7663', 'Versatile heuristic hub', '1', '2015-10-01 00:55:58', '2017-06-04 10:24:25'),
(174, 'Lexus', '1-626-978-3606', 'Configurable foreground localareanetwork', '3', '1990-09-03 15:39:07', '1981-09-18 04:07:10'),
(175, 'Vern', '1-304-845-4637', 'Focused regional localareanetwork', '1', '1977-03-11 06:22:45', '2015-04-28 16:55:13'),
(176, 'Marley', '1-173-346-5848x834', 'Streamlined encompassing processimprovement', '1', '2015-04-23 14:09:33', '1982-07-13 00:49:29'),
(177, 'Adrain', '1-793-890-6978', 'Assimilated dedicated pricingstructure', '3', '1979-09-18 11:06:02', '1977-05-30 19:51:52'),
(178, 'Mohammad', '821-730-5734', 'Polarised 6thgeneration algorithm', '3', '1985-04-29 09:29:23', '1984-12-21 08:42:57'),
(179, 'Elliott', '073-032-4726x42693', 'Configurable explicit workforce', '1', '1988-04-27 04:15:15', '2012-05-20 06:14:51'),
(180, 'Dameon', '04245992113', 'Multi-channelled logistical moderator', '2', '1993-09-04 03:54:47', '2022-06-21 00:30:39'),
(181, 'Lambert', '908.322.7765', 'User-friendly intangible frame', '3', '1980-07-13 00:26:18', '2018-11-02 19:36:03'),
(182, 'Deontae', '707-528-0609', 'Stand-alone 24/7 function', '2', '2006-01-10 00:40:09', '1974-10-20 08:57:10'),
(183, 'Oswaldo', '497.683.4714', 'Compatible systemic capability', '2', '1995-03-27 16:43:58', '2011-05-28 22:46:51'),
(184, 'Keanu', '294.476.8195', 'Robust demand-driven approach', '2', '2000-04-11 17:04:36', '1987-05-19 01:00:16'),
(185, 'Ansel', '717.973.3282', 'Object-based tertiary initiative', '1', '1980-12-16 08:19:39', '2012-06-12 20:57:49'),
(186, 'Toy', '(793)078-9431x383', 'Adaptive background infrastructure', '3', '1999-03-22 20:20:10', '2021-11-28 16:05:23'),
(187, 'Stanton', '746-200-0282x0476', 'Adaptive attitude-oriented artificialintelligence', '1', '2008-01-01 14:50:14', '1972-02-10 19:39:12'),
(188, 'Laron', '552.533.3707', 'User-friendly homogeneous algorithm', '1', '2008-05-21 20:59:28', '1992-08-26 02:19:03'),
(189, 'Torey', '(221)402-3891x9775', 'Right-sized contextually-based parallelism', '1', '1993-01-19 04:04:55', '1989-02-22 00:44:08'),
(190, 'Sedrick', '+62(2)6239170785', 'Balanced bifurcated ability', '3', '2004-09-11 13:21:10', '2019-03-15 18:50:58'),
(191, 'Xander', '008-197-0804', 'Facetoface asynchronous service-desk', '1', '1987-02-11 22:42:58', '1972-08-12 21:27:36'),
(192, 'Avery', '717-157-4125', 'Public-key directional definition', '3', '1991-09-30 12:52:21', '2015-11-21 14:15:33'),
(193, 'Narciso', '1-665-134-7567x33451', 'Polarised mission-critical localareanetwork', '2', '1993-11-16 08:59:13', '2004-04-01 18:30:34'),
(194, 'Brennon', '1-299-401-5841x125', 'Vision-oriented system-worthy array', '1', '2024-02-07 04:44:24', '2005-10-09 08:59:03'),
(195, 'Marshall', '09466202858', 'Object-based object-oriented forecast', '2', '1982-07-27 19:20:43', '1970-01-29 10:32:14'),
(196, 'Obie', '373.741.3806x23137', 'Re-engineered empowering instructionset', '2', '1999-12-04 12:29:47', '2001-04-09 10:31:36'),
(197, 'Ike', '+70(9)0522609045', 'Advanced coherent alliance', '3', '2014-08-31 06:11:51', '2006-12-03 02:18:18'),
(198, 'Enos', '1-438-432-8416', 'Digitized object-oriented infrastructure', '3', '1972-05-04 23:17:54', '1973-08-22 12:11:49'),
(199, 'Henri', '412-527-2248', 'Automated multi-tasking hierarchy', '3', '2001-09-22 02:56:07', '1983-04-09 05:33:38'),
(200, 'Gaetano', '522-126-4120x427', 'Business-focused static product', '3', '1984-10-25 06:13:40', '2007-10-17 12:55:58'),
(201, 'Dillon', '873-704-0977x69412', 'Configurable national toolset', '3', '2007-11-15 09:12:49', '2009-02-28 17:40:46'),
(202, 'Ramon', '518.314.9541x2161', 'Persistent leadingedge model', '2', '2021-08-13 03:02:03', '1971-08-12 06:37:31'),
(203, 'Narciso', '284.150.8903x9522', 'Down-sized didactic product', '3', '1982-12-21 05:43:27', '2013-09-08 15:10:24'),
(204, 'Jaeden', '+80(3)2343088494', 'Customizable scalable neural-net', '3', '2014-04-05 08:36:16', '1992-03-26 13:19:24'),
(205, 'Jaylen', '839-043-4294', 'Fundamental intangible hardware', '2', '2019-11-02 14:38:45', '2011-03-18 18:46:14'),
(206, 'Darrion', '696-858-6792x812', 'Multi-tiered encompassing complexity', '1', '1988-06-29 03:52:48', '1977-06-04 19:47:41'),
(207, 'Jaleel', '620-018-5432x4667', 'Cross-platform responsive function', '3', '1981-09-19 11:51:19', '2012-04-19 01:58:19'),
(208, 'Colten', '584-990-6074x82240', 'Assimilated multi-tasking core', '2', '2020-03-28 23:15:19', '2020-05-08 09:41:53'),
(209, 'Cristobal', '221.413.5852x34615', 'Diverse system-worthy function', '2', '2014-05-17 10:04:32', '1988-12-08 19:48:27'),
(210, 'Wilfrid', '888.432.7313x61942', 'Sharable logistical model', '2', '1982-09-21 22:34:15', '1998-06-20 22:00:01'),
(211, 'Nelson', '840-270-9042x4513', 'Versatile directional methodology', '2', '1974-02-03 08:35:52', '1971-12-16 11:47:42'),
(212, 'Johnson', '1-744-101-3952', 'Open-architected 4thgeneration benchmark', '2', '1991-11-11 05:08:14', '2008-03-07 07:47:48'),
(213, 'Keon', '(049)665-3010x18496', 'Facetoface needs-based artificialintelligence', '1', '1985-02-09 04:03:24', '1990-06-15 16:39:02'),
(214, 'Christopher', '(492)948-0218', 'Versatile contextually-based toolset', '3', '1972-07-15 20:25:47', '1999-03-13 16:18:23'),
(215, 'Giuseppe', '108.962.3600x174', 'Secured full-range infrastructure', '1', '1993-08-03 07:24:25', '2007-06-05 04:31:59'),
(216, 'Jeff', '09381518598', 'Diverse mission-critical strategy', '3', '1999-12-30 18:02:19', '2024-03-01 16:30:17'),
(217, 'Bennett', '082.034.9447', 'Cloned bifurcated migration', '1', '1980-12-07 18:37:04', '2005-12-29 23:52:24'),
(218, 'Tyson', '+11(6)0188331488', 'Compatible human-resource implementation', '2', '2001-08-30 06:21:54', '1974-01-05 08:46:45'),
(219, 'Hayley', '+61(2)4438923204', 'Optimized neutral neural-net', '3', '1982-12-10 19:54:39', '1975-03-29 12:09:51'),
(220, 'Rodrigo', '031.665.4383', 'De-engineered mission-critical systemengine', '3', '1992-11-02 21:23:27', '1987-08-21 16:28:38'),
(221, 'Maximus', '1-517-841-5504', 'Proactive impactful software', '2', '2006-03-31 00:32:19', '1980-10-20 19:27:47'),
(222, 'Michale', '816.471.4973x512', 'Streamlined local interface', '3', '2018-07-18 04:13:53', '2009-07-22 11:06:44'),
(223, 'Alex', '(818)103-0846', 'Team-oriented multi-tasking hardware', '2', '2008-09-01 08:46:11', '1982-07-20 15:43:37'),
(224, 'Verner', '263-162-9327x535', 'Ergonomic heuristic openarchitecture', '2', '1975-11-05 06:06:47', '1982-12-05 13:31:21'),
(225, 'August', '07551676061', 'Organic system-worthy access', '1', '2012-04-29 21:48:41', '2004-12-10 13:26:07'),
(226, 'Ezekiel', '864.235.0367x477', 'Team-oriented executive extranet', '2', '2023-07-25 23:28:17', '1982-10-20 19:32:43'),
(227, 'Adolfo', '04253067542', 'Distributed incremental definition', '1', '2002-04-22 09:19:31', '1998-01-22 02:42:03'),
(228, 'Arlo', '(952)092-4145', 'Profit-focused interactive migration', '3', '1988-02-09 10:46:45', '1998-10-31 07:04:36'),
(229, 'Kenneth', '077-098-6754x65411', 'Balanced bottom-line database', '1', '2020-10-17 14:55:10', '1982-08-31 15:10:12'),
(230, 'Marcelo', '428.937.6783', 'Compatible object-oriented installation', '1', '1985-06-22 00:16:24', '2023-03-25 17:45:30'),
(231, 'Jamar', '125.524.0158x37928', 'Robust eco-centric definition', '2', '2022-09-11 03:15:27', '2011-11-17 06:05:44'),
(232, 'Jordi', '234-063-5508', 'Reverse-engineered zerotolerance middleware', '3', '2003-11-04 15:32:10', '2017-05-02 09:46:03'),
(233, 'Jose', '(523)755-2696', 'Diverse discrete archive', '3', '1997-01-07 20:59:37', '2022-10-01 16:41:46'),
(234, 'Jarrett', '+16(7)1426005892', 'Open-architected intermediate success', '2', '2004-07-28 19:13:24', '2000-10-03 09:57:45'),
(235, 'Emilio', '1-902-550-6581', 'Fully-configurable zeroadministration array', '3', '2023-03-21 08:42:51', '1984-07-05 06:21:14'),
(236, 'Guido', '770-849-8569x10492', 'De-engineered static monitoring', '3', '2019-07-27 19:51:44', '2020-06-10 00:06:41'),
(237, 'Isadore', '769.894.6977x807', 'Persistent didactic adapter', '3', '2001-02-03 02:27:19', '1973-02-22 17:46:38'),
(238, 'Jarvis', '1-859-336-9082', 'Right-sized well-modulated methodology', '1', '1997-03-04 18:10:02', '2017-01-02 04:02:38'),
(239, 'King', '1-968-372-8358', 'Diverse real-time success', '2', '1991-09-05 22:34:31', '1974-12-04 18:26:35'),
(240, 'Merle', '(817)447-9989x300', 'Business-focused full-range core', '3', '2019-02-13 16:43:49', '2018-12-27 17:38:59'),
(241, 'Heber', '1-741-980-0982x155', 'Managed encompassing groupware', '3', '2014-02-26 11:49:11', '1986-01-18 16:03:29'),
(242, 'Abdiel', '545-457-0525', 'Facetoface bottom-line superstructure', '3', '1990-10-20 03:28:56', '1972-08-17 10:38:54'),
(243, 'Schuyler', '+58(1)1978712042', 'Diverse eco-centric concept', '1', '2011-04-05 23:09:31', '2013-11-14 11:28:47'),
(244, 'Mohammed', '272-787-0059x0335', 'Enterprise-wide context-sensitive challenge', '3', '1991-01-12 02:50:30', '1970-12-15 05:38:58'),
(245, 'John', '1-224-209-0758x889', 'Re-contextualized encompassing functionalities', '2', '2009-12-14 02:47:59', '1992-12-20 22:30:43'),
(246, 'Reymundo', '+63(8)6549857989', 'User-friendly scalable emulation', '3', '1988-05-30 07:30:17', '1973-01-25 02:01:15'),
(247, 'Mark', '1-396-012-9906x94974', 'Synergistic intangible concept', '3', '1980-12-20 23:53:22', '2005-01-06 21:34:45'),
(248, 'Efrain', '1-902-226-2282x34776', 'Public-key zerodefect database', '3', '2014-09-19 22:56:50', '2003-01-04 15:12:32'),
(249, 'Maximillian', '(820)712-9104', 'Horizontal 3rdgeneration circuit', '2', '2018-08-24 12:26:43', '1987-04-15 19:04:50'),
(250, 'Brandon', '1-309-672-8114x471', 'Reactive human-resource analyzer', '3', '2018-04-21 04:45:25', '1990-09-27 21:27:57'),
(251, 'Desmond', '02140708212', 'Fully-configurable encompassing moratorium', '1', '1974-02-22 16:46:25', '2010-12-26 04:05:00'),
(252, 'Brain', '1-712-383-5979', 'Devolved 6thgeneration monitoring', '3', '1985-10-05 15:53:27', '2015-05-13 16:11:46'),
(253, 'Luis', '+97(3)4801362628', 'Re-contextualized object-oriented firmware', '2', '2002-02-07 06:42:20', '2012-08-16 23:20:19'),
(254, 'Trey', '(781)529-5031x56191', 'Upgradable demand-driven processimprovement', '3', '1996-02-17 15:33:34', '1998-07-29 13:08:36'),
(255, 'Mekhi', '(009)808-3231x27406', 'Persistent fault-tolerant productivity', '2', '1973-06-18 00:42:58', '1981-11-12 07:54:53'),
(256, 'Sherman', '324.498.0954x53787', 'Open-architected heuristic systemengine', '3', '1996-05-20 17:41:50', '2023-10-21 14:36:54'),
(257, 'Clemens', '(931)561-6273x531', 'Secured homogeneous moratorium', '3', '1979-08-05 07:19:58', '1990-03-02 15:31:40'),
(258, 'Urban', '+85(0)6448776946', 'Reverse-engineered background access', '3', '2003-05-02 11:48:57', '2002-01-29 06:06:22'),
(259, 'Caleb', '09605149407', 'Intuitive didactic conglomeration', '3', '2019-06-18 09:46:56', '1974-05-12 03:43:09'),
(260, 'Everardo', '+72(1)1613222929', 'Horizontal 24hour data-warehouse', '1', '2015-05-10 04:08:43', '1995-09-10 19:22:16'),
(261, 'Jameson', '169-525-2803', 'Grass-roots bottom-line functionalities', '1', '2005-03-03 15:10:35', '1987-08-30 11:21:44'),
(262, 'Justen', '1-036-422-8589x60701', 'Diverse interactive groupware', '1', '1976-01-04 10:11:13', '2023-06-26 05:27:22'),
(263, 'Cruz', '(972)518-5728x14377', 'Multi-channelled client-server groupware', '1', '1973-02-24 21:21:55', '1982-12-11 22:59:40'),
(264, 'Lorenzo', '205-320-9770x843', 'Profit-focused bottom-line GraphicInterface', '2', '2007-01-31 01:14:25', '1991-03-23 20:39:05'),
(265, 'Lewis', '203.106.5336x949', 'Cross-group zerodefect artificialintelligence', '2', '2017-01-14 02:23:58', '2005-03-02 12:41:01'),
(266, 'Dee', '187.633.4592', 'Persistent heuristic flexibility', '2', '1973-01-07 10:04:43', '2012-12-16 14:03:17'),
(267, 'Cedrick', '843-835-9890x241', 'Fully-configurable transitional archive', '2', '2012-07-28 10:42:08', '1995-05-17 14:34:08'),
(268, 'Art', '(552)430-3430x07649', 'Realigned incremental moderator', '3', '1995-01-24 02:32:29', '1987-09-21 07:48:08'),
(269, 'Kareem', '099.861.6809x964', 'Proactive logistical artificialintelligence', '2', '2008-02-06 16:16:35', '1973-06-04 11:55:10'),
(270, 'Kenny', '301.913.0108x233', 'Public-key transitional algorithm', '3', '1982-11-24 18:08:00', '1978-09-16 06:16:55'),
(271, 'Carter', '310-943-4712', 'Quality-focused motivating time-frame', '3', '1991-09-22 20:09:01', '1995-04-01 16:48:33'),
(272, 'Tyshawn', '1-491-671-4353x8694', 'Ergonomic regional forecast', '2', '2009-01-05 00:18:19', '1971-12-06 07:17:30'),
(273, 'Vance', '1-340-341-9370x06015', 'Synergistic fault-tolerant help-desk', '2', '1980-07-02 03:35:23', '2012-07-02 23:54:50'),
(274, 'Ramiro', '127.569.0879x7003', 'Reverse-engineered dynamic policy', '3', '1973-08-04 14:43:40', '2015-07-24 08:26:32'),
(275, 'Curt', '1-897-846-7471x802', 'Programmable eco-centric utilisation', '1', '1980-06-21 05:17:24', '2005-10-06 00:51:24'),
(276, 'Hershel', '991-009-0460', 'Facetoface multi-tasking collaboration', '2', '1971-08-19 20:33:42', '1977-05-15 23:25:05'),
(277, 'Rollin', '(838)207-0517x894', 'Multi-layered interactive core', '3', '2020-12-18 18:48:32', '2006-04-11 17:05:31'),
(278, 'Rhett', '422.714.6123x577', 'Multi-channelled national project', '1', '1994-06-29 13:49:03', '2005-03-26 13:51:15'),
(279, 'Sofia', '(608)750-8050x21241', 'Adaptive systematic leverage', '3', '1994-09-10 05:07:42', '2018-04-27 17:56:05'),
(280, 'Aaron', '010-011-7383', 'Streamlined homogeneous portal', '2', '2018-10-20 01:26:59', '2021-12-01 00:06:24'),
(281, 'Quinn', '07859986807', 'Optimized tertiary interface', '2', '1984-01-26 15:06:59', '2002-04-11 05:58:34'),
(282, 'Henry', '1-753-017-8774', 'Automated 5thgeneration orchestration', '2', '1998-08-20 16:48:53', '1973-01-16 17:28:12'),
(283, 'Richie', '349-273-3742x31612', 'Business-focused static artificialintelligence', '2', '2023-09-15 02:28:22', '1980-01-19 06:31:50'),
(284, 'Monty', '(046)588-2647x149', 'Stand-alone dedicated interface', '3', '2009-07-06 20:31:19', '2017-08-28 08:33:57'),
(285, 'Abraham', '034-255-3100x88386', 'Enhanced full-range monitoring', '2', '2001-01-16 02:13:19', '1991-07-05 02:47:14'),
(286, 'Emanuel', '(006)768-1313', 'Synergistic upward-trending GraphicalUserInterface', '3', '2005-05-25 06:24:09', '1983-09-29 21:13:12'),
(287, 'Henry', '1-802-870-2993x28178', 'Digitized contextually-based implementation', '3', '1998-04-13 22:36:41', '1977-01-30 02:32:50'),
(288, 'Greyson', '563.944.4135x560', 'Compatible value-added synergy', '3', '2003-03-03 08:26:13', '1999-05-20 06:58:31'),
(289, 'Caesar', '(832)698-8070', 'Reduced even-keeled localareanetwork', '2', '2024-02-29 21:52:07', '1972-08-31 17:54:36'),
(290, 'Adolphus', '00261320313', 'Advanced bifurcated openarchitecture', '2', '1972-01-24 11:23:57', '2006-04-15 08:04:34'),
(291, 'Edmond', '838.097.7976x9864', 'Expanded coherent processimprovement', '1', '1983-12-07 18:20:27', '2005-06-10 14:47:53'),
(292, 'Ernie', '1-196-756-2229', 'Pre-emptive real-time artificialintelligence', '1', '2010-10-06 04:52:41', '1989-09-10 06:14:25'),
(293, 'Guillermo', '685.971.6012x15190', 'Secured executive archive', '3', '1976-08-25 13:19:07', '2020-08-12 22:19:32'),
(294, 'Nicola', '228.286.4106x9867', 'Organized fault-tolerant benchmark', '1', '1991-02-18 08:03:33', '2006-05-16 09:03:00'),
(295, 'Jayden', '(905)265-2534x00295', 'Customizable interactive framework', '2', '1988-03-11 20:19:08', '2005-09-05 00:18:39'),
(296, 'Clifford', '390-144-4697', 'Inverse motivating paradigm', '2', '2014-06-16 00:53:51', '1989-04-28 06:38:18'),
(297, 'Art', '1-948-132-4379', 'Multi-layered 24/7 productivity', '2', '1993-02-05 22:05:56', '1984-02-14 23:30:40'),
(298, 'Ferne', '1-636-712-8054x8525', 'Distributed zeroadministration workforce', '3', '1977-06-04 19:12:00', '2022-10-30 13:10:45'),
(299, 'Harold', '(788)684-5447x4478', 'Progressive bi-directional portal', '1', '1985-01-06 15:40:02', '1995-11-20 19:54:43'),
(300, 'Allen', '533.377.4511x40807', 'Inverse needs-based website', '3', '1981-10-08 20:45:12', '1978-06-07 15:08:59'),
(301, 'Kory', '162-438-3868', 'Quality-focused discrete throughput', '1', '1978-01-13 06:03:19', '1997-04-17 20:23:56'),
(302, 'Nikolas', '1-375-984-8356x556', 'Assimilated foreground framework', '1', '1997-10-22 12:16:21', '1990-02-02 23:01:02'),
(303, 'Gerson', '584.180.6200x13322', 'Cross-platform zerotolerance function', '2', '2009-05-15 08:26:19', '2004-09-12 01:56:18'),
(304, 'Noel', '02696602630', 'Fully-configurable dedicated access', '2', '2012-03-21 12:06:04', '2017-07-26 23:20:20'),
(305, 'Steve', '1-099-034-2510', 'Synchronised systemic neural-net', '3', '2022-09-03 14:55:01', '2016-05-21 17:22:48'),
(306, 'Helmer', '1-350-435-2768', 'Right-sized nextgeneration leverage', '3', '1972-05-17 17:37:28', '1992-11-01 11:57:33'),
(307, 'Torrey', '(990)209-4636x3834', 'Quality-focused exuding systemengine', '1', '1994-04-15 14:03:40', '1991-09-30 21:55:01'),
(308, 'Conner', '456.149.1170x956', 'Realigned exuding processimprovement', '1', '2013-09-23 03:03:51', '1971-03-09 10:46:41'),
(309, 'Lamar', '(146)816-5565x82741', 'Synergistic analyzing emulation', '1', '1976-09-29 17:59:52', '1982-08-28 03:25:21'),
(310, 'Theodore', '866.355.4119', 'Self-enabling actuating protocol', '1', '2006-06-12 06:27:59', '1991-01-07 20:49:16'),
(311, 'Alfonso', '1-054-804-2486', 'Enhanced hybrid migration', '1', '1970-04-11 02:54:30', '2005-05-24 11:08:57'),
(312, 'Ottis', '195.705.6748x3281', 'Enhanced clear-thinking contingency', '3', '2013-07-12 11:03:15', '1998-05-18 06:52:24'),
(313, 'Braxton', '02397048289', 'Upgradable value-added access', '3', '2017-11-19 16:26:57', '1976-10-05 02:58:37'),
(314, 'Lafayette', '684-076-3993x19345', 'Implemented 24/7 ability', '2', '1991-12-27 06:08:56', '2012-04-12 18:17:32'),
(315, 'Abel', '186-173-6506', 'Polarised background core', '1', '1979-03-12 23:20:34', '2000-11-09 01:08:21'),
(316, 'Mallory', '365-653-8720x2950', 'Streamlined mobile groupware', '1', '1974-07-09 09:39:10', '2002-06-26 08:03:54'),
(317, 'David', '854.389.3035x39371', 'Managed full-range workforce', '2', '2013-04-17 14:16:21', '2004-04-30 18:30:15'),
(318, 'Marcus', '1-074-283-3746', 'Up-sized fresh-thinking solution', '1', '2017-06-03 08:27:16', '1990-12-20 10:36:31'),
(319, 'Edgar', '1-927-225-1784', 'Vision-oriented asynchronous contingency', '1', '1973-07-09 06:08:38', '2007-08-19 20:23:07'),
(320, 'Jamar', '141.385.0200x5549', 'Expanded fault-tolerant solution', '3', '1989-01-18 13:45:19', '1977-03-01 15:10:51'),
(321, 'Unique', '447-294-6504x5506', 'Digitized user-facing approach', '1', '2019-06-30 06:47:06', '2019-11-23 19:14:48'),
(322, 'Stephon', '904.079.8852x71509', 'Ergonomic static frame', '3', '1987-11-11 19:18:09', '1986-02-02 16:16:50'),
(323, 'Guiseppe', '+81(4)6743443799', 'Phased disintermediate projection', '2', '2016-07-08 06:03:55', '1997-12-15 19:41:28'),
(324, 'Michael', '548-095-8852x8888', 'Public-key radical model', '2', '1984-05-17 22:24:04', '2014-11-30 09:07:18'),
(325, 'Felix', '1-713-855-1624x774', 'Open-source cohesive time-frame', '3', '1987-02-07 17:06:06', '2019-06-13 19:26:18'),
(326, 'Alexander', '(616)713-2997', 'Fundamental non-volatile framework', '2', '2011-02-03 12:23:40', '2004-06-22 19:19:30'),
(327, 'Elmo', '02605545845', 'Function-based empowering task-force', '1', '1986-08-14 06:59:51', '2006-07-27 11:00:08'),
(328, 'Kiley', '(097)265-0964x97370', 'Re-engineered even-keeled throughput', '1', '1979-05-13 17:30:22', '2020-07-02 22:21:38'),
(329, 'Ewell', '+59(4)4594015866', 'Polarised bifurcated solution', '1', '2013-02-15 16:18:02', '1971-06-19 07:11:15'),
(330, 'Timmothy', '362.963.2997x7292', 'Sharable bi-directional GraphicalUserInterface', '2', '2009-02-24 08:36:28', '1970-10-30 10:36:56'),
(331, 'Lennie', '1-251-831-6104', 'Visionary zerodefect middleware', '3', '2003-09-16 11:08:04', '1990-08-18 15:34:12'),
(332, 'Isom', '1-450-209-8842', 'Configurable zerotolerance openarchitecture', '2', '1997-02-18 18:00:17', '2002-01-29 16:42:27'),
(333, 'Tyson', '086.411.3563', 'Extended grid-enabled toolset', '3', '2001-02-06 06:37:13', '2016-05-12 17:27:55'),
(334, 'Keeley', '+55(3)2214392413', 'Proactive impactful toolset', '1', '1986-06-13 00:51:19', '1998-03-07 07:22:38'),
(335, 'Haskell', '1-352-568-1887x8436', 'Front-line upward-trending productivity', '2', '2023-06-25 13:45:34', '2007-09-17 05:56:20'),
(336, 'Jeffrey', '1-831-526-3216x847', 'Down-sized cohesive hierarchy', '2', '2009-07-01 12:02:33', '1985-02-04 14:24:40'),
(337, 'Clyde', '1-528-459-0008', 'Programmable well-modulated intranet', '1', '2011-04-20 23:27:02', '1978-02-16 08:48:35'),
(338, 'Brain', '947.498.7297x45115', 'Focused methodical architecture', '2', '1996-12-17 01:05:34', '2021-08-13 16:43:27'),
(339, 'Mitchel', '396.560.8026x639', 'Advanced background instructionset', '1', '1984-10-31 17:54:31', '2004-03-06 07:20:57'),
(340, 'Verner', '252.150.5865x94902', 'Fully-configurable neutral task-force', '3', '1982-03-13 16:06:09', '2016-05-20 09:07:12'),
(341, 'Kameron', '1-409-880-8599', 'Re-contextualized executive focusgroup', '2', '1975-09-14 20:41:57', '1994-03-04 23:51:38'),
(342, 'Clemens', '(408)320-9242x16212', 'Synchronised reciprocal firmware', '3', '2004-01-21 06:39:35', '2022-07-10 18:09:37'),
(343, 'Domenick', '1-181-726-5407x93826', 'Visionary needs-based implementation', '2', '2002-05-07 15:56:18', '2013-10-09 17:13:05'),
(344, 'Fred', '350-603-7509', 'Diverse client-driven service-desk', '1', '2003-04-26 23:56:38', '2015-12-11 05:20:35'),
(345, 'Felipe', '(449)738-3824', 'User-friendly logistical array', '2', '2020-08-02 23:05:44', '2017-04-29 07:56:16'),
(346, 'Dario', '(634)846-3588', 'Proactive coherent flexibility', '2', '1985-04-28 17:40:17', '2006-03-04 12:09:46'),
(347, 'Elwin', '+87(6)6835319437', 'Multi-tiered nextgeneration extranet', '2', '2019-03-21 14:33:34', '1982-05-07 16:56:00'),
(348, 'Leonard', '170.215.8633', 'Ameliorated fault-tolerant systemengine', '1', '1984-04-11 20:52:22', '2017-11-07 00:54:41'),
(349, 'Gabriel', '024.472.6979', 'Proactive static moratorium', '2', '2002-03-13 01:07:46', '1976-07-28 06:19:38'),
(350, 'Kevon', '1-583-253-3243x969', 'Progressive real-time complexity', '2', '1991-08-29 20:56:04', '1986-03-04 20:26:31'),
(351, 'Prince', '+26(6)1069278717', 'Centralized client-driven groupware', '1', '1978-06-20 04:58:03', '1977-06-22 18:10:16'),
(352, 'Jonatan', '01457252478', 'Re-engineered multi-state software', '3', '2010-09-15 19:23:03', '1995-04-15 18:02:56'),
(353, 'Reggie', '+64(9)6519487042', 'Ameliorated non-volatile functionalities', '1', '1995-04-14 17:04:28', '1992-02-28 17:39:38'),
(354, 'Chadd', '391.257.8341', 'Configurable holistic policy', '3', '2020-09-16 10:47:55', '1971-12-16 17:14:33'),
(355, 'Izaiah', '648.676.6812x952', 'Enterprise-wide real-time securedline', '2', '1970-03-06 06:31:00', '1980-04-30 19:54:34'),
(356, 'Deangelo', '1-843-355-9455x1374', 'Virtual dynamic application', '3', '2011-09-17 12:29:16', '2017-12-29 17:08:41'),
(357, 'Jamar', '1-691-651-6495', 'Future-proofed incremental throughput', '2', '1994-02-28 14:25:39', '1995-07-30 23:04:09'),
(358, 'Layne', '+45(4)0850970414', 'Fully-configurable fresh-thinking core', '2', '1971-08-24 22:57:05', '1997-03-24 17:09:47'),
(359, 'Jeffery', '634-941-1202x01565', 'Facetoface cohesive help-desk', '2', '1991-09-15 17:58:05', '2020-06-13 13:45:26'),
(360, 'Ibrahim', '+02(1)1415792599', 'Polarised regional task-force', '3', '2003-10-19 14:42:57', '1996-04-13 10:17:59'),
(361, 'Bobby', '176-460-9667', 'Seamless optimizing firmware', '3', '1990-05-26 07:01:27', '1996-03-15 05:07:33'),
(362, 'Clinton', '024.536.1531', 'Extended real-time encryption', '1', '2008-07-07 12:55:14', '2018-06-03 02:34:18'),
(363, 'Ruben', '06380852584', 'Vision-oriented nextgeneration capacity', '1', '2001-11-25 14:32:10', '1982-01-24 15:16:25'),
(364, 'Hobart', '1-684-719-3269x759', 'Expanded demand-driven data-warehouse', '3', '2013-08-18 01:12:57', '2006-01-15 15:36:11'),
(365, 'Chet', '(947)614-2171x9083', 'Ergonomic high-level systemengine', '1', '1980-07-19 09:40:09', '2022-09-02 03:37:00'),
(366, 'Wendell', '274.474.6560x4424', 'Multi-layered systemic hardware', '2', '2018-06-28 02:32:34', '2004-07-01 05:00:03'),
(367, 'Vicente', '(336)452-1946x939', 'Universal regional monitoring', '2', '1971-03-29 17:51:39', '1976-04-25 07:49:54'),
(368, 'Kelley', '453-673-5586', 'Function-based static infrastructure', '3', '1985-03-23 16:14:23', '2013-09-04 06:10:10'),
(369, 'Johnson', '252-927-2534', 'Expanded needs-based parallelism', '3', '1972-06-01 23:48:46', '1993-09-26 18:30:24'),
(370, 'Mauricio', '681-466-7788x2974', 'Versatile 4thgeneration algorithm', '1', '2011-09-11 11:24:29', '2024-02-20 19:36:19'),
(371, 'Rickie', '1-284-583-1272', 'Function-based dedicated help-desk', '1', '2010-01-28 10:11:56', '2002-07-06 22:48:23'),
(372, 'Elmore', '+15(2)0431259457', 'Multi-lateral interactive migration', '1', '2011-05-15 07:01:38', '1986-03-13 05:29:52'),
(373, 'Mathew', '02933956457', 'Intuitive solution-oriented leverage', '3', '1972-04-08 23:08:47', '2007-10-26 06:12:45'),
(374, 'Cortez', '04279043143', 'Team-oriented empowering strategy', '3', '1998-04-17 10:40:19', '1994-02-13 05:53:26'),
(375, 'Horacio', '796.294.3616x32320', 'Progressive eco-centric openarchitecture', '2', '1978-04-09 18:04:44', '2005-04-29 08:38:20'),
(376, 'Cortez', '(792)071-5489x85610', 'Upgradable encompassing access', '3', '2003-06-13 13:08:55', '1996-10-26 17:12:41'),
(377, 'Theodore', '(220)060-9545x25340', 'Decentralized systemic middleware', '3', '2019-09-01 05:36:43', '1970-09-07 20:51:46'),
(378, 'Rocky', '1-105-198-9631x5632', 'Right-sized transitional portal', '1', '2012-05-30 00:07:52', '2021-04-20 13:36:19'),
(379, 'Kristopher', '(390)933-7568', 'Customizable eco-centric matrices', '2', '2021-03-24 18:17:00', '2007-10-13 22:03:08'),
(380, 'Wendell', '(710)445-1424', 'Self-enabling eco-centric artificialintelligence', '2', '1993-08-11 21:01:10', '2012-10-14 06:28:20'),
(381, 'Marty', '1-308-446-0189', 'Multi-tiered context-sensitive task-force', '1', '1995-06-03 10:11:46', '1988-12-26 04:06:25'),
(382, 'Valentin', '(047)237-8978x805', 'Multi-channelled dynamic hardware', '3', '1986-11-29 08:39:22', '2019-07-28 04:01:05'),
(383, 'Judah', '952.890.3308x5445', 'Realigned systemic product', '3', '1991-05-19 23:25:10', '2021-07-31 22:51:15'),
(384, 'Marquis', '01290092196', 'Multi-tiered eco-centric instructionset', '3', '1982-03-13 03:05:50', '2008-03-29 18:47:32'),
(385, 'Arjun', '836.198.6563x78007', 'Multi-channelled national structure', '1', '2003-11-26 03:17:39', '2023-07-14 15:30:52'),
(386, 'Caden', '010.225.2160x77851', 'Seamless full-range GraphicalUserInterface', '3', '2020-01-14 15:08:30', '1988-11-30 23:46:39'),
(387, 'Grant', '(645)329-7298x7444', 'Monitored multi-tasking data-warehouse', '1', '2002-12-11 05:22:52', '2024-02-17 22:40:37'),
(388, 'Tavares', '260-123-0120x6886', 'Extended maximized intranet', '3', '2021-06-03 07:05:03', '1982-02-06 22:28:07'),
(389, 'Skylar', '+40(9)2920890663', 'Down-sized composite solution', '2', '2003-10-04 16:37:16', '2019-05-16 06:13:54'),
(390, 'Malcolm', '051-651-8973x795', 'Progressive system-worthy functionalities', '3', '1982-01-22 05:46:30', '2023-08-07 07:26:49'),
(391, 'Keshaun', '(127)769-4295x41199', 'Self-enabling didactic function', '2', '2023-03-09 23:27:53', '2003-10-05 17:10:15'),
(392, 'Nathanael', '1-078-418-9884x155', 'Multi-layered composite neural-net', '3', '1999-10-19 22:15:48', '1990-11-12 10:51:09'),
(393, 'Reinhold', '1-075-374-7171', 'Right-sized assymetric task-force', '2', '1992-04-15 23:25:29', '2010-07-11 23:43:23'),
(394, 'Quentin', '474-162-5485x2162', 'Secured assymetric archive', '1', '2015-04-08 08:50:35', '1973-04-01 21:36:02'),
(395, 'Elwyn', '06813962112', 'Seamless attitude-oriented groupware', '3', '2006-01-06 23:21:04', '2020-01-09 04:44:35'),
(396, 'Harry', '(180)817-4401x4601', 'Reactive even-keeled moderator', '2', '1995-01-20 17:32:17', '2008-01-23 10:43:23'),
(397, 'Brenden', '307-335-7427x71328', 'Integrated content-based function', '1', '2018-06-02 12:58:58', '2004-02-10 13:49:24'),
(398, 'Perry', '1-003-318-8807x95611', 'Multi-channelled uniform archive', '3', '2007-06-20 16:02:38', '1985-07-27 10:12:35'),
(399, 'Bud', '1-698-768-9158x9088', 'Customizable multi-state customerloyalty', '3', '1997-03-16 18:57:07', '2001-05-13 11:17:04'),
(400, 'Armando', '142.006.1443x21486', 'Synergized leadingedge parallelism', '2', '1995-12-24 19:26:29', '2017-07-07 10:43:37'),
(401, 'Rodrigo', '475-196-7936', 'Function-based incremental middleware', '3', '2007-12-28 02:14:58', '1998-05-20 22:17:31'),
(402, 'Dayne', '1-779-427-5207', 'Switchable neutral infrastructure', '1', '1987-06-29 22:30:32', '1976-08-27 14:42:34'),
(403, 'Weldon', '530.241.3544x024', 'Reduced client-server flexibility', '2', '2006-08-01 10:49:23', '1977-03-27 14:00:29'),
(404, 'Elmer', '228.996.6292', 'Decentralized client-server paradigm', '2', '1983-04-16 19:12:24', '1974-10-20 06:27:17'),
(405, 'Roman', '(835)881-1511', 'Virtual needs-based toolset', '1', '2021-07-16 05:52:49', '2006-10-01 22:14:33');
INSERT INTO `buku_tamu` (`id`, `nama`, `no_hp`, `instansi`, `layanan`, `created_at`, `updated_at`) VALUES
(406, 'Lorenz', '165-862-5548x0380', 'Upgradable dedicated capacity', '3', '1985-07-24 11:24:32', '1996-12-29 21:30:33'),
(407, 'Ali', '1-910-973-4250', 'Inverse directional extranet', '2', '1975-01-03 08:48:04', '2024-02-10 05:44:32'),
(408, 'Stanley', '06928011823', 'Business-focused nextgeneration opensystem', '1', '1980-01-10 11:00:19', '1993-01-05 11:47:26'),
(409, 'Jordyn', '(953)593-4831', 'Facetoface didactic portal', '2', '1970-05-08 07:49:51', '2023-04-15 02:35:46'),
(410, 'Reymundo', '320-551-3721', 'Seamless web-enabled capacity', '3', '2001-09-14 06:27:58', '2000-10-10 16:12:16'),
(411, 'Presley', '(760)259-0308x88170', 'Profound cohesive application', '3', '1972-09-29 08:03:45', '2017-05-20 22:17:35'),
(412, 'Regan', '1-016-500-0295x9972', 'Enhanced solution-oriented access', '3', '2021-10-31 01:07:16', '2019-10-16 07:54:32'),
(413, 'Merle', '406-916-0208x68458', 'Optimized analyzing initiative', '1', '2014-07-23 14:26:30', '1983-05-15 07:06:33'),
(414, 'Kenyon', '752-315-3984', 'Polarised holistic support', '3', '1992-02-14 22:03:30', '1998-02-01 19:29:48'),
(415, 'Mitchel', '980-962-2036x51119', 'Quality-focused maximized analyzer', '3', '1990-07-06 09:44:54', '1970-07-09 08:24:20'),
(416, 'Sanford', '1-989-178-9256x494', 'Universal foreground localareanetwork', '2', '1994-09-28 10:28:34', '1970-07-11 10:35:13'),
(417, 'Delaney', '08466355091', 'Re-contextualized directional customerloyalty', '3', '1989-02-02 17:35:17', '1997-11-22 00:29:53'),
(418, 'Raymundo', '(239)790-6070x969', 'Implemented clear-thinking website', '3', '2013-07-09 00:40:42', '2004-04-26 15:27:49'),
(419, 'Laron', '02957062232', 'Phased background encoding', '3', '2008-04-06 05:13:41', '2001-12-25 10:13:17'),
(420, 'Jarvis', '(856)937-1738x832', 'Robust user-facing openarchitecture', '3', '2015-12-05 10:25:08', '1984-10-11 22:28:58'),
(421, 'Gregorio', '(827)567-8504x49948', 'Seamless systematic initiative', '1', '2008-06-13 20:05:30', '1984-12-03 04:35:41'),
(422, 'Devon', '486.850.1926x8125', 'Open-source grid-enabled definition', '1', '2020-12-06 09:51:35', '2017-06-02 17:00:36'),
(423, 'Jordi', '731-891-7090x934', 'Sharable zerotolerance matrix', '2', '2006-06-10 18:50:30', '2007-05-18 04:24:27'),
(424, 'Rashawn', '(951)491-0352x01788', 'Profit-focused holistic analyzer', '3', '1973-04-25 07:56:41', '1987-08-05 17:46:02'),
(425, 'Jamir', '125.684.9492', 'Centralized multi-state task-force', '1', '2019-02-20 04:13:48', '2000-04-09 12:13:58'),
(426, 'Mckenna', '+29(5)8101065154', 'Focused executive core', '2', '1972-08-03 09:42:50', '1978-05-20 22:52:06'),
(427, 'Dereck', '687.017.3751', 'Advanced neutral algorithm', '2', '2006-03-26 20:28:05', '2003-03-22 01:02:01'),
(428, 'Heber', '224-922-1880x28382', 'Reduced directional middleware', '1', '2020-10-02 01:39:53', '1995-10-17 15:06:48'),
(429, 'Ryleigh', '+51(7)4865567527', 'Assimilated fault-tolerant toolset', '3', '2016-02-13 20:01:43', '2014-01-12 16:14:02'),
(430, 'Arturo', '+58(5)0231616654', 'Upgradable content-based standardization', '1', '1985-08-10 05:47:09', '2023-07-07 11:30:30'),
(431, 'Adriel', '160.787.8675', 'Configurable high-level structure', '2', '1989-07-07 19:25:22', '2000-01-24 08:22:45'),
(432, 'Donavon', '404.626.5764x6121', 'Innovative assymetric knowledgeuser', '2', '2014-08-09 23:46:28', '2020-12-15 14:16:40'),
(433, 'Ulises', '(336)852-5000x3326', 'Function-based heuristic circuit', '3', '2006-08-15 22:14:01', '1986-01-01 23:43:30'),
(434, 'Kiel', '950.526.8455x5984', 'Multi-lateral homogeneous matrix', '3', '2022-12-14 12:23:03', '1981-07-11 03:04:40'),
(435, 'Taurean', '(382)150-6259x61292', 'Mandatory exuding adapter', '2', '2008-06-03 23:11:06', '1985-04-20 18:26:00'),
(436, 'Nick', '(325)751-4403x55594', 'Vision-oriented discrete systemengine', '2', '1977-11-08 03:02:04', '1985-10-05 10:30:41'),
(437, 'Jalen', '(179)523-6526', 'Realigned asynchronous hub', '3', '1985-02-01 10:19:46', '2014-02-01 13:34:57'),
(438, 'Grant', '604-940-2278', 'Optional heuristic knowledgebase', '1', '1981-04-22 15:19:40', '1981-11-26 01:26:39'),
(439, 'Selmer', '878-940-9198', 'User-centric content-based application', '3', '1986-07-16 13:40:54', '1987-01-17 02:11:12'),
(440, 'Lavern', '(143)604-3455', 'Cloned homogeneous opensystem', '1', '2020-04-15 00:48:31', '2005-01-31 06:08:56'),
(441, 'Jasmin', '337-264-8787x591', 'Focused fault-tolerant workforce', '3', '1972-12-12 16:56:51', '2001-01-24 00:36:54'),
(442, 'Ford', '1-117-711-1167', 'Synergized heuristic website', '3', '1981-01-21 07:45:35', '1979-09-07 21:11:33'),
(443, 'Kiel', '670-840-2624x659', 'Future-proofed content-based architecture', '1', '1977-09-21 19:55:24', '1994-09-17 18:17:11'),
(444, 'Myron', '(392)059-7460x536', 'Digitized zerodefect localareanetwork', '2', '1992-10-14 22:06:25', '1974-06-11 22:22:10'),
(445, 'Axel', '807.417.1338x945', 'Front-line multimedia hardware', '3', '1984-01-21 08:38:33', '1991-11-10 01:04:38'),
(446, 'Keaton', '229-768-5086x637', 'Optimized exuding archive', '3', '2006-10-05 23:00:19', '1979-02-09 10:48:20'),
(447, 'Keaton', '1-324-746-6109x90455', 'Programmable bottom-line approach', '1', '1982-02-08 02:33:32', '1983-11-05 15:17:11'),
(448, 'Helmer', '589-411-9307x207', 'Optimized tertiary adapter', '3', '1974-02-17 05:52:30', '1971-01-04 04:20:13'),
(449, 'Sheridan', '01996281958', 'Facetoface well-modulated algorithm', '3', '2014-12-09 13:53:04', '1995-02-24 15:19:43'),
(450, 'Matteo', '1-239-967-9323', 'Cross-platform heuristic info-mediaries', '2', '2007-05-09 19:57:55', '2000-03-16 17:17:28'),
(451, 'Moshe', '1-066-362-5064', 'Reverse-engineered stable methodology', '3', '1979-05-03 00:32:52', '2006-02-17 08:31:57'),
(452, 'Dylan', '1-917-473-6195x655', 'Intuitive 5thgeneration artificialintelligence', '2', '2017-09-22 01:35:07', '1978-01-05 05:34:38'),
(453, 'Favian', '(845)911-1823x9091', 'Configurable didactic database', '3', '2000-04-29 22:56:59', '2001-08-27 05:33:16'),
(454, 'Jimmie', '1-645-337-2840x03756', 'Fundamental holistic strategy', '1', '2018-03-20 04:57:42', '1983-10-19 14:42:09'),
(455, 'Deshawn', '01855340474', 'Multi-layered client-driven approach', '3', '2001-12-21 22:09:30', '1984-07-23 08:18:54'),
(456, 'Mallory', '09343416379', 'Optimized bandwidth-monitored groupware', '1', '1988-11-18 03:08:47', '1970-03-17 23:58:27'),
(457, 'Austen', '439-857-5225x5731', 'Up-sized multi-state ability', '3', '2016-02-09 17:59:54', '1979-06-13 10:06:16'),
(458, 'Gerard', '07695317647', 'Intuitive client-server structure', '1', '1993-09-04 17:29:40', '2021-12-17 06:25:30'),
(459, 'Jasen', '1-397-512-0639x03769', 'Devolved scalable monitoring', '3', '2021-08-04 10:01:51', '2001-05-22 18:55:04'),
(460, 'Price', '05972004033', 'Horizontal coherent monitoring', '1', '2020-07-03 22:38:13', '1984-02-13 04:43:19'),
(461, 'Jonatan', '(613)829-8946', 'Centralized 24hour complexity', '3', '2019-04-19 06:01:13', '1975-04-30 18:14:53'),
(462, 'Tyson', '02865555043', 'Function-based leadingedge strategy', '1', '2002-02-14 06:12:35', '1987-02-04 20:44:58'),
(463, 'Daren', '+60(7)4637545639', 'Decentralized neutral artificialintelligence', '2', '2015-09-18 22:39:24', '1973-06-18 00:42:05'),
(464, 'Newton', '438-848-9690x4822', 'Optional 24/7 attitude', '3', '2003-12-22 02:13:47', '2010-08-07 20:53:13'),
(465, 'Bertha', '(920)610-4919x3472', 'Open-source user-facing projection', '2', '1971-10-08 06:28:05', '2005-02-25 02:51:23'),
(466, 'Donavon', '861-242-3613', 'Exclusive 3rdgeneration knowledgeuser', '2', '2002-06-21 02:56:08', '1978-08-03 20:11:00'),
(467, 'Cyrus', '1-300-564-8962', 'Polarised stable definition', '1', '2003-05-30 04:32:57', '1997-07-20 03:40:37'),
(468, 'Dagmar', '1-496-547-4890', 'Enhanced executive moderator', '1', '2019-02-01 18:22:12', '1999-06-05 09:23:21'),
(469, 'Derick', '312-601-0262', 'Progressive methodical capacity', '1', '1973-08-05 00:19:34', '2013-03-22 10:18:40'),
(470, 'Doug', '610.866.1405x29835', 'Intuitive holistic concept', '3', '2019-12-28 22:30:22', '1970-09-12 16:44:36'),
(471, 'Unique', '(119)994-2127', 'Pre-emptive mobile systemengine', '1', '2021-03-15 17:27:39', '1980-08-01 00:09:01'),
(472, 'Frankie', '(962)834-1462x1499', 'Programmable exuding hardware', '1', '2003-08-15 22:39:25', '1983-02-11 01:55:38'),
(473, 'Berta', '1-614-387-1194x80905', 'Innovative needs-based capacity', '1', '2016-01-02 20:24:45', '2012-06-14 17:00:52'),
(474, 'Orion', '903.343.6221x41680', 'Front-line high-level knowledgeuser', '3', '1971-10-28 07:02:09', '2013-01-07 03:03:20'),
(475, 'Vito', '(492)521-8913', 'Persistent responsive matrices', '2', '2019-06-09 11:06:09', '1988-09-01 15:18:46'),
(476, 'Dallin', '022.598.4138x5046', 'Switchable global GraphicalUserInterface', '1', '2021-04-08 14:58:10', '1996-07-31 23:19:55'),
(477, 'Abner', '(403)656-9922', 'De-engineered impactful monitoring', '2', '1978-06-16 17:25:23', '1979-03-23 14:36:29'),
(478, 'Laron', '08631778523', 'Customer-focused asynchronous internetsolution', '1', '1978-01-26 23:29:38', '1990-05-06 07:00:30'),
(479, 'Dewayne', '1-924-902-4200', 'Exclusive homogeneous moratorium', '3', '2004-11-16 05:26:24', '2002-08-21 04:56:48'),
(480, 'Cody', '1-962-628-3779', 'Universal dedicated database', '1', '2011-05-23 21:59:07', '1997-05-25 12:30:54'),
(481, 'Nick', '(863)306-0737x24462', 'Front-line analyzing parallelism', '1', '2021-05-11 03:41:06', '1984-03-22 03:25:04'),
(482, 'Eric', '926.191.2201', 'Persistent intangible installation', '3', '2021-01-10 19:23:01', '2023-01-17 09:31:25'),
(483, 'Mac', '579-623-6218x904', 'Pre-emptive empowering matrix', '3', '2021-05-10 22:39:40', '1981-08-23 04:48:25'),
(484, 'Corbin', '1-248-561-4225x855', 'Self-enabling 24hour processimprovement', '3', '2023-02-05 06:26:13', '1979-08-16 07:10:02'),
(485, 'Simeon', '795.583.8523x12162', 'Optimized 4thgeneration migration', '1', '2019-07-15 19:04:37', '2010-10-27 20:29:22'),
(486, 'Lionel', '778.318.3576', 'Multi-layered executive systemengine', '1', '2009-08-30 04:32:05', '2007-02-03 11:53:14'),
(487, 'Robb', '1-181-568-8000', 'Persistent multi-state projection', '2', '1987-10-30 23:19:08', '1997-07-24 14:55:11'),
(488, 'Wilford', '370-278-3062x727', 'Right-sized 24/7 framework', '2', '1970-03-13 21:19:00', '2011-02-03 06:24:02'),
(489, 'Trent', '(305)505-7452x26507', 'Decentralized secondary frame', '3', '2022-08-23 07:37:09', '2013-12-01 17:47:45'),
(490, 'Dennis', '035-756-7347', 'Progressive explicit systemengine', '1', '1992-09-26 05:41:46', '1972-03-02 22:41:26'),
(491, 'Harry', '04193199959', 'Intuitive 6thgeneration encryption', '2', '1999-02-19 14:14:08', '2014-12-30 16:47:59'),
(492, 'Lorenza', '924.144.4099', 'Triple-buffered exuding opensystem', '3', '1973-01-23 21:19:54', '2016-02-17 19:11:07'),
(493, 'Derick', '(457)027-4896', 'Programmable composite openarchitecture', '3', '1977-11-12 17:29:11', '1982-06-02 21:32:10'),
(494, 'Peter', '1-808-999-8038x645', 'Customer-focused real-time openarchitecture', '1', '1991-01-28 10:21:22', '2021-07-02 09:26:39'),
(495, 'Harry', '743-944-2810', 'Organized radical openarchitecture', '2', '2004-10-23 06:10:41', '1996-12-29 05:00:18'),
(496, 'Richard', '379.838.8644', 'Re-contextualized exuding ability', '2', '1991-11-24 03:23:43', '2001-05-17 23:06:01'),
(497, 'Gussie', '(549)819-9169', 'Phased empowering methodology', '2', '1971-11-23 00:36:13', '1983-11-02 22:26:19'),
(498, 'Pete', '681-125-2491x7058', 'Configurable methodical migration', '1', '1972-06-11 02:20:23', '2021-08-13 12:14:11'),
(499, 'Ronaldo', '904.688.5176x24737', 'Function-based attitude-oriented hardware', '3', '2015-09-28 00:29:50', '2006-09-07 19:08:20'),
(500, 'Ellsworth', '(475)040-4037x376', 'Organic national framework', '3', '1972-08-21 10:38:55', '2013-03-11 02:45:23'),
(501, 'Raul', '(021)000-5224x11074', 'Reverse-engineered scalable algorithm', '2', '2008-04-15 23:40:30', '1990-02-20 20:48:59'),
(502, 'Rashad', '838-404-1898', 'Robust bi-directional middleware', '2', '1972-08-29 22:05:01', '1991-08-05 07:19:48'),
(503, 'Taurean', '782-819-1684x63354', 'Open-architected optimal framework', '2', '2013-07-22 17:28:46', '1992-10-04 00:26:12'),
(504, 'Tristin', '1-890-052-5593', 'Total even-keeled service-desk', '1', '2006-09-27 01:49:47', '2020-02-24 05:51:44'),
(505, 'Josh', '1-993-063-1523x13063', 'Total intangible securedline', '3', '1973-08-07 14:03:03', '2005-10-23 17:51:55'),
(506, 'Alvah', '(888)817-9158x69180', 'Proactive fresh-thinking neural-net', '2', '1977-05-17 10:25:52', '2019-10-15 15:13:45'),
(507, 'Tony', '897.492.4108x99996', 'Synergistic secondary application', '2', '2003-08-08 04:48:25', '2017-01-06 00:32:51'),
(508, 'Pablo', '1-507-763-2713', 'Customer-focused dedicated circuit', '1', '2001-06-23 09:05:00', '2021-06-28 16:34:41'),
(509, 'Chris', '+05(8)8520986347', 'Secured maximized database', '1', '1973-09-19 06:58:29', '1993-01-21 08:48:39'),
(510, 'Jerod', '126-484-8018', 'Down-sized heuristic infrastructure', '2', '2023-04-02 14:54:11', '2021-01-02 07:05:23'),
(511, 'Rogers', '828.701.1004x391', 'Proactive clear-thinking matrices', '3', '1980-10-17 23:14:04', '1978-03-19 23:51:01'),
(512, 'Trevor', '1-712-671-3405', 'Upgradable disintermediate core', '1', '1979-01-06 12:34:30', '1990-06-10 06:43:18'),
(513, 'Davonte', '+57(2)7726718184', 'Digitized user-facing focusgroup', '3', '1993-02-25 00:39:13', '2023-02-19 09:24:24'),
(514, 'Demarco', '(258)891-9198', 'Triple-buffered systematic middleware', '3', '1999-11-20 06:24:40', '1979-07-28 23:14:18'),
(515, 'Leonel', '(665)445-4872x44070', 'Reactive zeroadministration time-frame', '2', '1973-05-06 05:13:08', '2023-10-16 07:55:56'),
(516, 'Brannon', '1-798-196-2780x5083', 'Polarised heuristic initiative', '1', '1975-01-17 12:45:38', '2003-05-09 15:52:41'),
(517, 'Hunter', '1-178-453-8224', 'Networked zerodefect core', '3', '1988-05-22 19:54:08', '1985-06-29 10:35:22'),
(518, 'Wilfrid', '05382299384', 'Enhanced contextually-based encryption', '2', '1975-03-17 05:29:53', '1999-07-10 00:51:26'),
(519, 'Chaz', '328.469.5995', 'Multi-tiered eco-centric customerloyalty', '2', '2008-05-19 16:48:08', '2021-03-06 17:12:33'),
(520, 'Jalon', '05850723076', 'Future-proofed motivating function', '3', '2015-04-30 10:33:21', '2001-09-09 16:18:44'),
(521, 'Alan', '1-409-932-8888x84941', 'Distributed nextgeneration superstructure', '3', '1982-04-10 19:34:45', '2000-02-18 07:43:02'),
(522, 'Domenick', '(215)351-2160x598', 'Synergistic system-worthy time-frame', '2', '1970-10-29 12:11:03', '1973-10-02 14:30:37'),
(523, 'Carmel', '867.559.3524x2715', 'User-centric modular conglomeration', '1', '2000-07-15 09:00:27', '1996-11-19 03:28:33'),
(524, 'Garnet', '401-284-0469x030', 'Function-based value-added capability', '1', '1981-07-25 14:42:26', '2002-09-22 13:59:08'),
(525, 'Cicero', '016.677.9744x19998', 'Integrated even-keeled info-mediaries', '2', '1978-02-06 00:19:22', '1993-04-16 14:49:33'),
(526, 'Gonzalo', '105.613.2406x4567', 'Assimilated scalable encryption', '1', '1999-05-24 06:56:37', '1990-12-24 23:24:29'),
(527, 'Elmore', '861.371.3444', 'Mandatory discrete matrix', '1', '1984-05-02 12:14:02', '2023-01-22 22:14:10'),
(528, 'Trent', '1-591-024-0486x45273', 'Operative fault-tolerant monitoring', '1', '1980-10-27 06:34:35', '2016-08-25 20:58:18'),
(529, 'Ramiro', '(114)094-9840x36053', 'Re-contextualized regional systemengine', '2', '1999-07-21 05:23:34', '1973-09-04 15:02:53'),
(530, 'Joe', '(457)800-4617x429', 'Diverse reciprocal monitoring', '3', '1989-01-09 21:32:34', '1993-03-27 06:13:29'),
(531, 'Herman', '1-364-007-4040x9417', 'Cross-platform context-sensitive policy', '2', '2001-12-02 14:17:20', '2003-12-06 12:04:04'),
(532, 'Darien', '+64(2)7747585593', 'Upgradable scalable neural-net', '1', '1974-10-26 08:29:12', '2023-09-19 05:20:12'),
(533, 'Dwight', '552-412-2477x452', 'Exclusive high-level openarchitecture', '3', '1993-11-27 02:51:02', '2020-08-22 22:32:32'),
(534, 'Heber', '(260)786-5454x17153', 'Switchable methodical model', '3', '2014-12-16 21:55:29', '1977-12-29 00:46:24'),
(535, 'Garnett', '(439)963-1203x2439', 'Visionary encompassing focusgroup', '2', '2012-06-19 00:42:57', '1979-09-12 03:30:37'),
(536, 'Justyn', '1-663-885-3106', 'Down-sized bi-directional artificialintelligence', '2', '2022-05-17 05:14:00', '2007-04-10 06:07:58'),
(537, 'Brant', '(104)618-1263x7329', 'Enterprise-wide contextually-based array', '2', '1973-05-05 19:05:06', '1994-08-05 17:47:23'),
(538, 'Laron', '146-107-6775', 'Optimized tertiary support', '1', '1980-07-27 21:51:28', '1986-04-04 18:30:44'),
(539, 'Misael', '1-739-082-1439x33531', 'Phased intermediate solution', '3', '1999-01-25 06:32:13', '1988-10-27 08:18:57'),
(540, 'Triston', '(041)680-2705x487', 'Extended local definition', '2', '1979-06-10 09:57:23', '2017-12-08 20:24:13'),
(541, 'Keyon', '+74(8)0397503168', 'Open-source reciprocal migration', '3', '2006-02-11 22:06:55', '1992-01-03 11:59:58'),
(542, 'Lavon', '06033130741', 'Self-enabling didactic benchmark', '2', '1981-02-08 11:53:31', '2019-01-14 17:50:01'),
(543, 'Candelario', '+61(4)3446854639', 'Right-sized coherent database', '3', '2022-08-29 18:42:28', '2015-03-30 10:45:13'),
(544, 'Ryder', '150-648-7328x760', 'Persevering eco-centric orchestration', '3', '1977-05-14 16:19:52', '2005-10-24 14:16:40'),
(545, 'Cedrick', '870-687-2884x222', 'Digitized mobile alliance', '1', '1992-12-12 21:31:26', '2009-01-30 22:49:37'),
(546, 'Rafael', '(359)740-0215x83102', 'Total radical budgetarymanagement', '2', '2022-07-25 23:35:19', '2005-07-21 20:12:54'),
(547, 'Mac', '758-447-8194', 'Right-sized zerotolerance instructionset', '3', '2015-03-03 01:20:22', '2006-07-05 03:21:36'),
(548, 'Albert', '(157)991-8152x777', 'Centralized fault-tolerant product', '3', '1985-08-15 09:09:33', '1977-12-06 11:06:46'),
(549, 'Jevon', '907.662.9497x16249', 'Re-contextualized cohesive installation', '2', '2000-09-18 01:49:51', '1990-04-16 21:13:38'),
(550, 'Derrick', '+09(9)7959187327', 'Managed client-driven hardware', '1', '1998-12-29 15:38:03', '2013-02-16 04:47:10'),
(551, 'Jaren', '570.991.8353x8125', 'Decentralized logistical moderator', '2', '2012-05-29 22:29:07', '2004-03-21 13:49:04'),
(552, 'Javonte', '(171)970-5776x931', 'Enterprise-wide bifurcated approach', '2', '1981-06-13 07:51:53', '2013-07-01 03:56:26'),
(553, 'Joel', '(359)792-3697x91712', 'Virtual client-server implementation', '2', '1997-10-09 18:24:57', '2008-09-05 04:42:33'),
(554, 'Randy', '1-277-643-9976x4261', 'Secured value-added definition', '1', '2023-08-27 06:43:17', '2022-07-29 18:29:56'),
(555, 'Jamel', '1-860-974-5586x414', 'Re-contextualized client-server portal', '1', '2017-02-14 06:49:15', '1979-10-08 00:03:32'),
(556, 'Michale', '1-052-265-9917x11387', 'Switchable exuding success', '1', '2016-08-20 21:58:48', '2019-05-14 19:22:35'),
(557, 'Ottis', '05732660101', 'Enhanced systemic orchestration', '3', '2010-12-13 00:47:15', '2019-01-28 16:36:16'),
(558, 'Elroy', '07026560797', 'Multi-channelled methodical processimprovement', '1', '1994-07-02 15:50:13', '1985-09-02 14:25:17'),
(559, 'Julius', '(386)569-5238', 'Inverse hybrid architecture', '2', '2010-04-28 22:20:28', '2004-11-23 23:08:05'),
(560, 'Buck', '946.666.2516x380', 'Seamless radical model', '1', '2006-03-28 22:36:10', '2021-10-27 01:35:30'),
(561, 'Juwan', '(862)930-8142x8027', 'Open-source regional infrastructure', '3', '2010-07-11 09:52:57', '1986-02-18 19:12:53'),
(562, 'Amani', '1-913-338-3504x8308', 'Exclusive homogeneous implementation', '2', '2008-05-30 16:11:41', '1992-12-27 00:07:58'),
(563, 'Hiram', '261-993-1807x7977', 'Future-proofed client-driven moderator', '2', '2020-09-12 00:23:17', '2022-01-19 11:53:00'),
(564, 'Camryn', '559-453-3223', 'Ameliorated mobile customerloyalty', '2', '2018-12-23 03:10:07', '1971-05-03 12:54:37'),
(565, 'Ike', '590-838-9974', 'Seamless executive adapter', '2', '1982-09-23 15:03:57', '2006-09-30 13:19:12'),
(566, 'Don', '628-933-3658x2329', 'Object-based interactive complexity', '3', '2023-10-04 01:38:57', '1990-12-01 03:35:04'),
(567, 'Orville', '(303)137-1153', 'Optimized needs-based frame', '1', '1985-05-20 20:46:37', '2009-12-13 15:09:00'),
(568, 'Barney', '640-047-7267x4553', 'Front-line needs-based algorithm', '3', '1997-07-23 21:44:33', '1997-06-28 00:23:19'),
(569, 'Ignacio', '(112)183-9707', 'Object-based even-keeled methodology', '3', '2007-07-29 22:05:07', '2022-09-18 05:06:52'),
(570, 'Jess', '708.172.8351x984', 'Multi-channelled impactful function', '2', '1974-04-11 15:43:56', '2023-04-20 14:08:53'),
(571, 'Virgil', '687-844-1471', 'Persevering content-based customerloyalty', '2', '1995-01-13 13:44:46', '1996-12-12 18:18:48'),
(572, 'Mckenzie', '(458)482-4492x34908', 'Compatible dynamic info-mediaries', '1', '1975-04-07 05:29:16', '2000-07-25 23:45:41'),
(573, 'Timothy', '(453)116-1724x99460', 'Reactive intermediate strategy', '2', '2014-08-13 04:10:22', '2020-12-30 17:12:48'),
(574, 'Landen', '(812)642-7664x69364', 'Compatible solution-oriented knowledgeuser', '1', '1985-07-23 11:13:12', '1973-02-02 01:46:23'),
(575, 'Johathan', '(170)117-4819x1588', 'Automated transitional extranet', '3', '2021-02-03 02:11:43', '1976-01-04 21:56:15'),
(576, 'Haley', '(185)591-7902x193', 'Multi-lateral fault-tolerant complexity', '2', '1989-07-31 22:17:39', '2014-08-03 02:38:22'),
(577, 'Reynold', '(896)463-2938', 'Versatile mobile solution', '3', '1988-06-09 14:28:39', '2018-11-25 12:56:45'),
(578, 'Blaise', '(654)519-9385x1288', 'Monitored disintermediate systemengine', '3', '2013-07-25 13:22:18', '1970-11-18 03:37:52'),
(579, 'Stephen', '+16(7)9217882232', 'Future-proofed exuding moderator', '3', '2019-08-15 04:20:04', '1999-11-20 02:39:04'),
(580, 'Benny', '05899633137', 'Polarised logistical instructionset', '1', '2007-05-05 01:02:31', '1980-10-08 22:33:05'),
(581, 'Kaden', '453.972.6723x80385', 'Synergized motivating archive', '3', '1986-10-19 17:07:40', '2016-01-31 00:06:50'),
(582, 'Vidal', '265-726-3274x36524', 'Front-line contextually-based leverage', '1', '2007-12-10 07:53:31', '2011-11-01 17:11:22'),
(583, 'Alf', '00558090889', 'User-friendly cohesive function', '2', '2023-02-08 20:48:59', '2016-08-15 16:45:08'),
(584, 'Maxime', '1-120-010-3962x7513', 'Versatile dynamic projection', '3', '1978-10-09 13:51:21', '2013-04-18 17:14:53'),
(585, 'Woodrow', '546.913.6142x493', 'Proactive uniform policy', '2', '2007-12-07 19:17:10', '2001-06-23 17:35:26'),
(586, 'Gerard', '581-740-7258', 'Centralized object-oriented GraphicalUserInterface', '1', '2022-07-30 22:07:56', '2006-01-13 03:22:16'),
(587, 'Jon', '318.915.8510x9194', 'Inverse cohesive ability', '3', '2020-03-27 06:48:13', '2015-10-14 17:56:34'),
(588, 'Haley', '(812)258-2630x2510', 'Intuitive exuding intranet', '3', '2013-07-21 05:41:53', '1983-01-05 12:59:35'),
(589, 'Harold', '1-412-912-4388', 'Persistent uniform customerloyalty', '3', '1991-11-30 06:30:36', '2011-06-08 07:06:26'),
(590, 'Adam', '(315)989-3229x303', 'Reverse-engineered didactic installation', '2', '2017-07-21 11:51:15', '1990-07-22 06:54:09'),
(591, 'Lukas', '139-384-3955', 'Digitized bandwidth-monitored database', '3', '1999-05-24 05:00:10', '2016-10-08 02:06:37'),
(592, 'Johnny', '766-919-5043', 'Total system-worthy approach', '1', '1989-11-28 10:49:42', '2017-05-28 04:36:35'),
(593, 'Jessy', '706-949-6480', 'Quality-focused directional implementation', '3', '2021-11-18 09:31:59', '2018-01-24 02:10:36'),
(594, 'Prince', '(260)190-8805', 'Total demand-driven ability', '3', '1980-07-16 01:26:17', '2004-10-17 20:36:10'),
(595, 'Reyes', '884-777-2978', 'Switchable needs-based strategy', '3', '2017-10-23 22:43:56', '1994-09-20 05:16:13'),
(596, 'Timmothy', '1-213-507-0378x8591', 'Focused well-modulated adapter', '3', '1979-01-28 14:37:06', '1985-04-13 09:26:27'),
(597, 'Maximus', '042.588.1910', 'Monitored content-based function', '1', '1974-02-16 22:24:09', '2016-03-30 14:01:04'),
(598, 'Ansley', '1-824-001-5839x307', 'Universal leadingedge systemengine', '2', '1975-10-22 14:15:28', '2016-05-11 19:42:35'),
(599, 'Brant', '+11(0)6617160388', 'Implemented bifurcated infrastructure', '2', '1979-05-30 08:02:22', '2012-03-21 16:36:16'),
(600, 'Nathanael', '(704)512-8600', 'Implemented 24/7 website', '1', '2013-05-18 09:24:25', '2001-07-13 00:41:47'),
(601, 'Lew', '05847757346', 'Stand-alone grid-enabled budgetarymanagement', '2', '2004-10-20 16:48:12', '1981-05-12 22:13:44'),
(602, 'Giovanny', '406.357.9341x507', 'Re-engineered logistical time-frame', '2', '2014-04-27 06:14:08', '1991-09-20 18:37:10'),
(603, 'Reymundo', '1-706-923-3742x787', 'Business-focused coherent circuit', '3', '1976-11-16 20:54:03', '1981-10-22 22:00:33'),
(604, 'Isaac', '1-835-116-0196x57190', 'Object-based dedicated algorithm', '2', '1986-06-07 15:39:43', '1995-02-18 01:31:09'),
(605, 'Kenneth', '404-436-9890x302', 'Virtual composite conglomeration', '3', '1975-06-10 17:02:12', '1976-10-19 19:00:38'),
(606, 'King', '278-413-1714x6064', 'Exclusive intangible systemengine', '3', '2005-08-08 09:18:48', '1983-07-16 02:24:38'),
(607, 'Christopher', '494-398-0784x124', 'Monitored user-facing attitude', '3', '1987-09-22 20:37:04', '1990-03-06 16:46:35'),
(608, 'Anthony', '393.653.4501', 'Compatible intangible framework', '1', '2014-12-24 06:25:40', '2001-06-16 03:55:12'),
(609, 'Emory', '+21(5)0104733637', 'Robust zerodefect superstructure', '2', '2016-12-25 12:15:44', '1978-05-03 09:00:45'),
(610, 'Ephraim', '(114)766-1905x4449', 'Managed well-modulated orchestration', '1', '1984-04-24 02:55:08', '2023-09-22 07:03:51'),
(611, 'Howard', '(227)216-1507', 'Team-oriented 4thgeneration task-force', '1', '1981-02-10 05:43:12', '2019-03-15 01:15:03'),
(612, 'Bernardo', '745-021-9683x36023', 'Streamlined zeroadministration standardization', '2', '2013-11-15 10:43:05', '1972-10-01 21:05:30'),
(613, 'Avery', '(848)210-3276x430', 'Versatile asynchronous software', '3', '2006-09-08 20:42:33', '2023-08-18 13:36:14'),
(614, 'Alexie', '05425036918', 'Quality-focused foreground moratorium', '3', '1995-12-28 20:54:40', '2000-05-12 02:02:05'),
(615, 'Gennaro', '1-902-320-0667x6444', 'Open-architected dedicated portal', '1', '2018-08-22 21:00:20', '1990-07-31 09:53:13'),
(616, 'Ramon', '274-408-5026x934', 'Assimilated secondary firmware', '2', '1985-06-20 12:26:16', '2010-11-03 22:40:38'),
(617, 'Lew', '1-023-422-5570', 'Re-engineered upward-trending complexity', '3', '1995-02-13 01:51:53', '2002-05-13 11:10:50'),
(618, 'Norbert', '616.283.4151', 'Balanced foreground forecast', '3', '2020-02-27 11:54:34', '1971-04-13 04:40:37'),
(619, 'Laverna', '1-193-178-0967x347', 'Customer-focused optimal architecture', '2', '1973-04-15 05:07:03', '2016-06-16 20:02:07'),
(620, 'Alfonso', '1-805-111-3770x112', 'Reduced needs-based initiative', '3', '1977-01-02 15:40:13', '1982-09-26 08:28:54'),
(621, 'Immanuel', '346-891-9162x26610', 'Synchronised background hardware', '1', '1978-03-03 08:59:08', '1994-04-04 17:19:15'),
(622, 'Taylor', '1-851-876-1986', 'Realigned multi-tasking forecast', '2', '1991-05-22 00:20:34', '2004-05-25 12:02:27'),
(623, 'Clark', '624-952-0511', 'Cloned client-driven knowledgeuser', '3', '2011-04-24 20:08:15', '2018-02-16 03:33:55'),
(624, 'Sylvan', '248.753.6908x172', 'Optimized bandwidth-monitored middleware', '1', '1994-03-11 13:09:32', '1999-02-22 09:18:39'),
(625, 'Clinton', '+89(7)9064318437', 'Switchable systematic benchmark', '1', '1990-11-25 22:53:28', '1976-05-23 05:49:48'),
(626, 'Solon', '1-381-055-0080x08094', 'Facetoface dedicated core', '2', '2008-09-15 11:34:41', '1980-07-10 02:17:56'),
(627, 'Hardy', '08037488729', 'Advanced 6thgeneration software', '2', '2001-07-24 05:10:41', '2022-09-28 14:49:30'),
(628, 'Henderson', '+30(1)0978739991', 'Pre-emptive actuating matrix', '2', '2017-11-04 13:12:06', '1990-10-21 09:31:15'),
(629, 'Everett', '123.704.6611x46900', 'Virtual well-modulated info-mediaries', '1', '1972-09-07 08:34:21', '1986-03-24 17:32:22'),
(630, 'Damien', '+45(8)1328086809', 'Adaptive web-enabled concept', '2', '2016-01-03 09:22:18', '1999-07-17 04:11:12'),
(631, 'Aidan', '1-209-261-8639x6965', 'Configurable real-time concept', '3', '1998-07-26 19:09:14', '1983-08-31 07:36:36'),
(632, 'Bradly', '(836)053-1939x338', 'Total tertiary knowledgebase', '1', '2021-08-31 21:44:53', '1976-06-15 11:47:12'),
(633, 'Amos', '(168)136-7068x750', 'Front-line encompassing groupware', '2', '1973-01-24 14:15:57', '2014-05-09 15:05:48'),
(634, 'Deven', '+51(4)1339527130', 'Organic intangible portal', '3', '1977-01-19 12:45:47', '2009-05-16 05:23:17'),
(635, 'Miguel', '1-380-067-8518x75636', 'Cloned bandwidth-monitored application', '3', '1979-09-24 12:09:12', '1976-03-06 03:51:27'),
(636, 'Burley', '1-874-052-3173', 'Synergistic content-based monitoring', '1', '2018-12-24 14:11:59', '1988-08-29 01:40:26'),
(637, 'Nasir', '1-971-057-1288x188', 'Fundamental fault-tolerant intranet', '2', '1998-08-27 03:14:07', '1973-06-05 10:35:01'),
(638, 'Rodrigo', '(367)385-4894', 'Centralized methodical architecture', '2', '2020-04-23 12:23:41', '1995-05-15 05:15:37'),
(639, 'Buddy', '924-509-7868x1322', 'Programmable context-sensitive support', '2', '1977-08-05 04:27:55', '2008-07-08 00:58:20'),
(640, 'Leopoldo', '09928259496', 'Compatible tertiary implementation', '3', '2012-05-04 18:53:39', '1982-09-22 11:37:31'),
(641, 'Vance', '05458173978', 'Horizontal composite knowledgebase', '3', '1977-04-08 23:49:28', '1977-09-23 14:17:47'),
(642, 'Josh', '+40(2)2005441976', 'Public-key intangible processimprovement', '3', '2013-03-26 17:25:44', '1993-11-04 22:51:31'),
(643, 'Madisen', '(873)110-7570', 'Horizontal 24/7 methodology', '2', '1975-07-07 17:08:13', '2006-04-02 11:33:10'),
(644, 'Harold', '(840)135-6194', 'Cross-platform grid-enabled customerloyalty', '3', '1996-04-25 12:51:41', '2015-09-04 19:03:20'),
(645, 'Forrest', '780.595.3868', 'Progressive leadingedge synergy', '1', '2021-06-25 08:12:28', '2018-09-16 06:21:17'),
(646, 'Buck', '08873621994', 'Horizontal eco-centric time-frame', '1', '1971-06-24 04:00:37', '1996-10-30 17:56:54'),
(647, 'Harmon', '03101057690', 'Self-enabling object-oriented application', '3', '2011-06-18 14:22:59', '2006-06-15 00:36:06'),
(648, 'Gunner', '(860)752-0279', 'Multi-channelled scalable flexibility', '3', '2023-12-12 21:00:51', '1992-08-13 04:02:00'),
(649, 'Godfrey', '1-260-324-8569x7268', 'Exclusive fresh-thinking hardware', '2', '1984-12-23 12:57:20', '2000-03-31 16:53:29'),
(650, 'Conrad', '009.679.6628', 'Inverse uniform function', '1', '1975-07-27 22:57:51', '1983-10-25 17:19:36'),
(651, 'Jett', '970.151.1480', 'Synergistic transitional database', '2', '1971-09-25 07:58:16', '2012-06-10 23:47:53'),
(652, 'Joan', '629.909.0232x85801', 'Profound zeroadministration GraphicInterface', '1', '2006-01-14 08:03:04', '2014-07-18 07:58:17'),
(653, 'Rogers', '(909)032-3731x504', 'Facetoface tertiary ability', '1', '1976-06-25 00:00:24', '2023-03-12 17:11:48'),
(654, 'Lula', '870.907.6779x906', 'Configurable uniform productivity', '3', '2006-02-04 22:03:33', '1976-09-11 17:59:05'),
(655, 'Edd', '1-644-167-3672x7472', 'Multi-lateral encompassing alliance', '3', '1996-05-26 09:21:19', '2014-04-29 15:53:32'),
(656, 'Hazle', '09546246767', 'Team-oriented multimedia collaboration', '2', '2001-01-24 18:18:26', '2003-12-02 07:10:14'),
(657, 'Anderson', '07588388692', 'Robust value-added extranet', '3', '1972-09-04 23:11:17', '1983-09-12 23:53:44'),
(658, 'Wayne', '01478626753', 'Vision-oriented stable projection', '3', '1975-04-05 11:19:26', '2015-07-08 12:04:06'),
(659, 'Jack', '1-594-312-6969', 'Persevering asynchronous website', '3', '1993-10-10 20:12:14', '1997-10-17 03:52:30'),
(660, 'Gunner', '1-904-489-8753', 'Phased 3rdgeneration internetsolution', '1', '2003-12-10 06:09:54', '2003-05-26 06:00:26'),
(661, 'Erwin', '(395)430-7373x6944', 'Object-based real-time internetsolution', '3', '2018-10-03 22:28:44', '2009-08-27 06:53:55'),
(662, 'Deshawn', '743.054.7037', 'Digitized impactful function', '3', '1997-03-25 03:00:42', '2023-03-19 13:26:38'),
(663, 'Alexis', '440-513-7706x10711', 'Robust motivating systemengine', '1', '2023-03-02 17:22:14', '1997-09-19 01:57:06'),
(664, 'Derrick', '00721251988', 'Right-sized encompassing matrix', '3', '1998-01-22 15:21:24', '1984-07-11 21:43:29'),
(665, 'Uriah', '(005)925-9879', 'Centralized foreground standardization', '2', '1983-05-26 08:15:24', '1975-12-15 18:59:32'),
(666, 'Christophe', '05319373112', 'Ameliorated exuding architecture', '2', '1991-07-11 10:37:24', '1993-06-02 15:27:22'),
(667, 'Remington', '04363880792', 'Open-architected cohesive hierarchy', '1', '2014-05-17 01:52:54', '2008-04-16 15:24:23'),
(668, 'Marcellus', '664-943-8152', 'Managed needs-based securedline', '1', '2020-12-10 09:17:27', '1970-09-07 08:03:55'),
(669, 'Wilbert', '650.571.0462', 'Operative real-time framework', '3', '2004-12-16 08:12:05', '1997-02-16 05:13:17'),
(670, 'Alek', '214-841-8019x6068', 'Persistent real-time info-mediaries', '2', '1988-09-28 06:05:11', '1970-05-06 05:49:21'),
(671, 'Gaetano', '486.740.2815x951', 'Upgradable content-based middleware', '1', '2019-12-27 20:57:11', '1977-06-11 09:14:35'),
(672, 'Floyd', '294-500-3350x6207', 'Digitized intermediate infrastructure', '1', '2012-07-03 21:05:00', '2017-10-20 22:53:21'),
(673, 'Eleazar', '+21(1)0107420234', 'Open-source maximized standardization', '2', '1977-07-15 11:58:40', '2007-03-20 11:17:55'),
(674, 'Ernest', '+53(3)9964172262', 'Mandatory full-range infrastructure', '2', '2012-11-11 05:47:59', '1973-05-14 15:38:19'),
(675, 'Halle', '+50(4)0813407189', 'Progressive non-volatile utilisation', '1', '1980-01-30 14:05:20', '2001-06-22 07:29:28'),
(676, 'Emmanuel', '117.668.8694x3247', 'Versatile multimedia alliance', '3', '1993-01-01 05:22:57', '1990-11-18 14:19:44'),
(677, 'Pierce', '(445)246-8741x207', 'Seamless explicit extranet', '3', '2002-12-31 06:26:11', '1980-10-14 11:44:17'),
(678, 'Malachi', '648.370.9126x553', 'Focused clear-thinking initiative', '3', '2020-08-12 16:31:24', '2004-04-02 18:23:04'),
(679, 'Brycen', '(538)694-6767x344', 'De-engineered radical portal', '1', '2022-12-27 18:31:21', '2023-10-10 07:36:05'),
(680, 'Tate', '181-791-3958', 'Expanded attitude-oriented hierarchy', '3', '1974-10-06 03:44:39', '1981-02-17 05:28:40'),
(681, 'Olaf', '1-099-968-2957', 'Organized homogeneous frame', '1', '1987-07-07 06:56:17', '2018-05-13 02:00:14'),
(682, 'Luciano', '007-588-3705x77575', 'Managed local alliance', '2', '1982-05-16 18:30:21', '2020-04-20 10:20:40'),
(683, 'Destin', '1-084-579-1828x508', 'Extended systemic service-desk', '2', '2013-09-09 04:16:56', '1977-10-27 12:20:45'),
(684, 'Sigrid', '195.543.1659x2873', 'Synergistic discrete circuit', '3', '2012-09-06 08:02:47', '2018-10-07 11:48:22'),
(685, 'Blaise', '060-351-6537', 'Persevering holistic middleware', '3', '1975-03-18 12:30:11', '1973-11-29 14:32:43'),
(686, 'Clint', '(587)016-6197x859', 'Customizable dynamic monitoring', '2', '2000-07-15 16:50:26', '2007-05-04 16:00:17'),
(687, 'Ricardo', '005.684.4476', 'Versatile dynamic monitoring', '1', '2011-09-26 03:25:43', '1987-03-11 15:59:20'),
(688, 'Gilberto', '877.250.9873', 'Secured encompassing approach', '3', '2007-06-04 16:43:20', '1986-01-28 00:54:45'),
(689, 'Price', '(588)935-7041', 'Managed tertiary help-desk', '3', '1987-10-28 00:37:58', '1995-04-23 05:09:31'),
(690, 'Erick', '960-531-2364x12441', 'User-centric leadingedge firmware', '3', '2015-04-14 17:27:09', '2008-11-30 17:11:57'),
(691, 'Chester', '348-060-9034', 'Optional disintermediate task-force', '3', '1982-03-22 17:21:27', '2018-05-30 09:03:38'),
(692, 'Quinton', '1-182-838-0236', 'Organic optimal GraphicInterface', '1', '1973-03-09 17:16:59', '1994-08-27 17:55:39'),
(693, 'Kristopher', '038.563.0364x332', 'Innovative optimal processimprovement', '1', '2011-04-22 18:08:55', '2017-09-14 02:46:15'),
(694, 'Blaze', '1-310-882-8848', 'Virtual tangible middleware', '2', '2003-01-08 09:53:08', '2020-10-14 13:52:26'),
(695, 'Samson', '860-749-3873', 'Multi-tiered client-server forecast', '2', '2022-03-08 22:36:04', '1985-03-31 20:09:55'),
(696, 'Terry', '1-852-576-4302x12304', 'Organized foreground core', '1', '1985-04-30 08:20:54', '2002-12-10 03:02:01'),
(697, 'Dashawn', '(742)473-4237x003', 'Reverse-engineered interactive challenge', '1', '2006-08-20 03:10:07', '1970-06-12 10:31:15'),
(698, 'Bernie', '795.076.4125', 'Reactive global circuit', '3', '1981-04-20 16:31:29', '1979-05-14 17:59:08'),
(699, 'Toy', '1-657-955-0344x0255', 'Programmable secondary parallelism', '2', '2012-04-26 10:21:05', '1986-08-05 18:32:58'),
(700, 'Buck', '503-366-1093', 'Customer-focused intangible access', '2', '2003-07-29 12:28:11', '1995-11-28 16:12:43'),
(701, 'Devonte', '(859)404-5039', 'Profit-focused holistic data-warehouse', '1', '2014-08-07 05:07:49', '1995-03-15 08:42:48'),
(702, 'Wyatt', '+65(4)5750940749', 'Reactive cohesive frame', '1', '1975-01-09 02:58:31', '1997-06-22 00:56:14'),
(703, 'Dayne', '250.111.0634', 'Progressive responsive product', '3', '1993-08-13 16:33:11', '1983-10-26 22:42:20'),
(704, 'Dennis', '(842)962-7215x6092', 'Optional mobile synergy', '3', '1987-07-31 17:13:55', '1980-10-23 12:29:54'),
(705, 'Jarred', '755-960-7633x43284', 'Function-based 4thgeneration strategy', '3', '1971-03-07 01:06:56', '1973-12-01 13:20:24'),
(706, 'Jon', '343.346.3680x652', 'Operative local emulation', '2', '2013-01-17 12:21:19', '1978-05-01 08:10:34'),
(707, 'Edmond', '1-808-145-7088', 'Front-line homogeneous definition', '3', '2017-05-13 02:15:32', '2012-05-26 04:37:41'),
(708, 'Dante', '(527)175-1879x8519', 'Stand-alone solution-oriented complexity', '3', '2007-04-04 02:11:55', '2006-03-11 08:17:19'),
(709, 'Madisen', '1-161-095-8822', 'Customizable optimizing matrices', '1', '2003-06-28 17:31:54', '2019-06-29 15:32:48'),
(710, 'Kolby', '1-169-440-6429', 'Synergized transitional data-warehouse', '3', '2021-12-14 13:42:23', '1992-10-29 09:43:32'),
(711, 'Abraham', '+14(2)5937491628', 'Reduced 6thgeneration definition', '1', '1987-11-04 02:51:40', '2012-09-22 17:12:19'),
(712, 'Lexus', '+19(4)3801480102', 'Synergized intangible orchestration', '2', '1988-02-24 22:54:03', '2016-04-11 01:49:37'),
(713, 'Caesar', '(838)282-4539', 'Grass-roots tangible application', '1', '2001-02-24 04:51:38', '1981-05-11 02:30:09'),
(714, 'Kenneth', '276-086-1810x5881', 'Configurable exuding GraphicalUserInterface', '3', '2003-07-24 08:00:47', '1977-12-13 04:31:08'),
(715, 'Sheldon', '+81(5)0029689652', 'Robust holistic frame', '2', '1980-06-28 16:34:03', '2003-06-11 22:22:44'),
(716, 'Garnet', '778-789-8728', 'Cloned high-level capacity', '2', '1994-03-16 20:03:52', '2001-09-13 13:34:18'),
(717, 'Kiley', '749.699.3583x21616', 'Versatile interactive framework', '1', '1980-09-25 04:48:38', '1995-03-04 17:05:00'),
(718, 'Dejuan', '1-626-268-1232', 'Facetoface encompassing success', '2', '2019-11-09 03:20:45', '1996-09-14 01:12:36'),
(719, 'Miller', '428.694.2232x27628', 'Multi-tiered client-driven migration', '3', '1980-08-23 08:44:40', '2004-04-26 02:43:37'),
(720, 'Scotty', '339.448.1131', 'User-centric leadingedge strategy', '1', '1998-01-14 20:15:39', '2022-04-10 22:36:24'),
(721, 'Jairo', '648-979-6167x372', 'Monitored fresh-thinking intranet', '3', '2008-10-15 13:04:35', '2006-09-06 17:38:27'),
(722, 'Van', '683-619-4595', 'Public-key analyzing collaboration', '2', '1982-09-29 00:07:45', '2004-03-26 18:57:16'),
(723, 'Toby', '615-198-0866x88857', 'Customizable zerodefect portal', '2', '2004-05-08 05:53:15', '2022-01-08 05:26:22'),
(724, 'Tristin', '(293)300-7691x641', 'Secured static definition', '2', '2008-06-10 02:44:29', '1993-02-27 09:32:50'),
(725, 'Jaylon', '(309)226-2045x178', 'Grass-roots user-facing approach', '2', '1998-11-30 17:24:48', '1999-11-24 20:35:32'),
(726, 'Dewitt', '014.775.2442x4309', 'Synergistic solution-oriented knowledgebase', '3', '1985-04-13 10:30:27', '2011-04-18 03:57:04'),
(727, 'Lazaro', '(223)797-4319', 'Configurable secondary website', '3', '2013-08-17 00:33:23', '1978-05-22 13:38:17'),
(728, 'Sammie', '+93(3)9408618071', 'Innovative systematic GraphicalUserInterface', '1', '1979-12-05 14:14:54', '2012-12-11 21:16:11'),
(729, 'Braden', '(080)626-7796x8189', 'Innovative scalable middleware', '2', '1998-04-13 02:10:44', '1992-11-17 22:59:31'),
(730, 'Grant', '(707)191-3183', 'Multi-channelled real-time flexibility', '1', '1974-04-16 12:49:31', '1992-11-14 18:37:44'),
(731, 'Wilburn', '01464598566', 'Diverse discrete opensystem', '3', '1975-04-08 17:34:41', '1970-08-01 00:49:47'),
(732, 'Sylvan', '(221)804-1397', 'Cross-platform directional collaboration', '3', '2002-10-20 17:22:27', '2012-07-31 07:22:53'),
(733, 'Jimmy', '(243)081-5030x67933', 'Expanded zeroadministration attitude', '1', '2006-11-21 03:53:14', '1996-01-29 09:58:28'),
(734, 'Tyree', '686-254-4424x8465', 'Persistent holistic data-warehouse', '1', '1981-06-19 05:43:26', '2003-06-06 04:47:24'),
(735, 'Marty', '(205)823-6142x3802', 'Enterprise-wide local firmware', '2', '1986-09-01 04:59:01', '1990-12-25 04:56:10'),
(736, 'Kameron', '1-393-062-1286', 'Up-sized full-range matrices', '3', '1981-08-29 00:51:31', '2006-11-07 22:41:54'),
(737, 'Nigel', '1-003-800-5654x1527', 'Visionary value-added focusgroup', '2', '1982-08-14 15:21:29', '1997-01-31 04:29:05'),
(738, 'Reyes', '777-090-1263x16252', 'Grass-roots radical interface', '3', '2010-09-19 04:15:14', '1980-06-09 05:38:58'),
(739, 'Kayley', '517-402-8287', 'Vision-oriented multi-state flexibility', '1', '1996-01-25 17:23:26', '1991-12-18 05:57:31'),
(740, 'Giles', '+53(6)7836018487', 'De-engineered context-sensitive time-frame', '2', '1979-11-13 13:12:57', '1983-02-16 19:02:36'),
(741, 'Hank', '(598)505-3999x6162', 'Up-sized scalable complexity', '2', '1992-05-06 22:22:00', '2016-02-19 17:09:20'),
(742, 'Lester', '(803)860-3392x3635', 'Self-enabling assymetric productivity', '3', '1999-02-28 19:42:03', '1995-07-20 03:29:36'),
(743, 'Sebastian', '01721249398', 'Future-proofed zerodefect challenge', '3', '2004-06-29 14:23:58', '2004-03-25 23:17:48'),
(744, 'Watson', '1-865-996-1194', 'Multi-lateral didactic framework', '3', '1980-08-25 09:43:04', '1994-04-02 09:08:07'),
(745, 'Sammie', '116-783-2958x96539', 'Enterprise-wide web-enabled conglomeration', '3', '2000-08-10 20:37:05', '1993-06-26 06:55:16'),
(746, 'Kyler', '1-645-267-1464x01711', 'User-centric static paradigm', '3', '2007-05-11 07:05:30', '1982-10-27 05:26:27'),
(747, 'Danny', '(894)138-1201x46127', 'Reverse-engineered hybrid throughput', '1', '2014-12-16 08:07:23', '2017-07-11 09:57:11'),
(748, 'Ashton', '09500445890', 'Diverse reciprocal data-warehouse', '2', '2017-03-02 04:40:23', '2017-11-13 08:26:41'),
(749, 'Duncan', '1-386-858-2186', 'Versatile eco-centric throughput', '2', '1982-07-09 21:08:44', '1970-12-15 22:54:35'),
(750, 'Lemuel', '+79(5)9363223737', 'Function-based dynamic artificialintelligence', '2', '1983-01-31 11:09:09', '1995-07-20 04:49:36'),
(751, 'Jedediah', '237.790.6398', 'Focused reciprocal openarchitecture', '2', '1985-03-31 14:34:51', '1999-10-22 18:03:30'),
(752, 'Lucious', '146-780-1780x9511', 'Secured empowering analyzer', '3', '2022-05-16 14:04:48', '2010-04-18 17:06:16'),
(753, 'Henry', '(467)511-3544', 'Customer-focused composite matrices', '2', '1977-10-25 18:08:12', '1992-01-07 13:53:46'),
(754, 'Hubert', '(300)957-6485x042', 'Vision-oriented zerodefect capability', '3', '1971-04-07 01:32:36', '1997-11-14 16:44:49'),
(755, 'Willard', '+10(5)8794383056', 'Future-proofed scalable benchmark', '3', '2021-07-10 06:31:15', '1983-05-29 20:33:23'),
(756, 'Ruben', '(331)918-8324x31079', 'Self-enabling fresh-thinking standardization', '1', '1981-11-28 11:54:43', '2000-03-04 03:54:58'),
(757, 'Jaiden', '1-531-727-8278x67236', 'Ergonomic demand-driven artificialintelligence', '3', '1978-04-09 00:37:07', '2001-12-13 18:39:47'),
(758, 'Clovis', '1-732-280-5159x1206', 'Inverse neutral productivity', '2', '2008-07-17 03:53:45', '2000-10-28 02:21:30'),
(759, 'Lemuel', '+30(8)2998931778', 'Mandatory clear-thinking architecture', '1', '2011-05-22 02:42:51', '1986-12-27 18:44:24'),
(760, 'Holden', '812.908.6823x67356', 'Upgradable clear-thinking flexibility', '1', '1991-05-23 17:06:07', '2014-02-04 22:38:58'),
(761, 'Randi', '1-546-091-7767', 'Cross-group object-oriented concept', '1', '2021-11-06 14:04:37', '2003-04-06 15:25:07'),
(762, 'Braeden', '455-906-8474x133', 'Synergized solution-oriented middleware', '1', '2016-09-02 00:36:15', '2003-04-12 15:53:35'),
(763, 'Julius', '+69(7)7925575577', 'Open-source solution-oriented functionalities', '3', '1970-05-12 19:02:40', '2024-01-31 09:19:08'),
(764, 'Moshe', '1-428-247-9216', 'Adaptive intangible structure', '1', '2000-11-06 02:03:33', '2000-05-29 08:32:42'),
(765, 'Madyson', '(207)456-6599x701', 'Cross-group leadingedge matrices', '1', '2000-06-24 06:37:30', '1976-08-14 14:54:15'),
(766, 'Agustin', '(947)043-4139', 'Enhanced fault-tolerant functionalities', '1', '2014-11-30 04:25:25', '1979-07-19 23:27:02'),
(767, 'Ike', '1-839-526-9355', 'Innovative systemic workforce', '2', '1974-05-12 05:19:32', '1973-02-19 09:44:22'),
(768, 'Joseph', '09257539795', 'Reduced multimedia structure', '2', '2000-01-15 08:49:56', '2008-10-10 20:02:05'),
(769, 'Jayson', '1-177-657-1259x775', 'Enhanced radical product', '1', '1997-04-20 16:33:47', '2005-02-06 10:25:25'),
(770, 'Jocelyn', '1-982-526-0574x28712', 'User-friendly high-level instructionset', '2', '2005-01-01 05:35:36', '1974-03-02 05:29:31'),
(771, 'Vaughn', '06610667628', 'User-friendly tangible pricingstructure', '2', '1985-08-20 07:35:05', '2000-01-20 14:03:27'),
(772, 'Ray', '1-439-408-1410x8295', 'Front-line maximized encryption', '3', '1999-06-10 19:04:02', '1994-05-31 09:37:18'),
(773, 'Geovanni', '+55(6)9388715599', 'Optional maximized help-desk', '1', '2015-02-27 02:22:48', '2023-04-07 23:50:30'),
(774, 'Stanley', '776.547.2364', 'Proactive multimedia neural-net', '2', '2013-12-11 19:09:59', '1976-02-21 03:18:56'),
(775, 'Hassan', '045-814-2340x05783', 'Phased client-server focusgroup', '3', '1991-12-04 06:31:29', '2013-04-13 17:40:34'),
(776, 'Fermin', '160-734-0626', 'Progressive grid-enabled systemengine', '1', '2017-12-28 11:31:09', '1998-02-13 07:26:44'),
(777, 'Jerrod', '336-243-5833x986', 'Digitized methodical GraphicInterface', '3', '2016-07-13 10:09:01', '1978-05-25 20:33:22'),
(778, 'Orin', '+18(7)6137606494', 'Grass-roots real-time knowledgebase', '2', '2013-01-31 06:54:00', '2009-11-03 07:01:21'),
(779, 'Jacinto', '+38(6)7717236446', 'Expanded dynamic pricingstructure', '1', '2011-04-19 15:53:39', '1980-03-19 02:15:40'),
(780, 'Martin', '(634)457-3504', 'Object-based even-keeled budgetarymanagement', '1', '1975-05-01 13:47:38', '2021-03-09 15:08:56'),
(781, 'Lawson', '+84(0)4843003839', 'Focused user-facing alliance', '1', '2000-05-28 16:29:30', '1984-05-15 05:33:24'),
(782, 'Otis', '144.924.3915x1434', 'Decentralized executive pricingstructure', '2', '2018-08-13 20:18:28', '1976-03-18 08:26:37'),
(783, 'Darien', '812.006.6424x49979', 'Streamlined local encoding', '2', '2010-02-12 17:34:13', '2004-02-02 06:33:08'),
(784, 'Amparo', '(890)235-7267', 'Assimilated 6thgeneration application', '1', '2000-05-24 15:10:46', '2015-02-26 20:26:27'),
(785, 'Marley', '1-473-844-7231x673', 'Networked actuating matrix', '2', '2012-08-08 00:19:41', '2021-10-13 18:55:43'),
(786, 'Halle', '1-190-863-9416', 'Enterprise-wide directional functionalities', '3', '2003-01-17 11:23:45', '1994-06-15 06:36:15'),
(787, 'Arnulfo', '377.922.5854', 'Networked clear-thinking opensystem', '2', '1978-10-03 08:19:03', '1987-02-19 21:13:39'),
(788, 'Hyman', '(435)511-9887', 'Operative demand-driven interface', '2', '1997-02-10 07:01:47', '1996-12-21 15:24:58'),
(789, 'Kaleb', '+11(2)9208315444', 'Cross-platform disintermediate challenge', '3', '1979-10-19 18:14:46', '1983-12-02 19:39:01'),
(790, 'Gussie', '1-784-267-3055x14686', 'Distributed mission-critical throughput', '1', '2008-11-30 22:36:18', '1987-03-22 21:28:02'),
(791, 'Loyal', '343-821-0519', 'Profit-focused human-resource neural-net', '1', '2011-04-23 04:23:42', '2001-02-19 05:54:20'),
(792, 'Peyton', '(387)135-9431x43130', 'Inverse modular service-desk', '1', '2009-05-10 05:44:23', '1975-06-26 10:22:00'),
(793, 'Foster', '(003)203-0607', 'Monitored grid-enabled matrix', '3', '2023-01-18 23:09:21', '1998-05-25 09:48:55'),
(794, 'Mose', '(000)394-0371', 'Implemented cohesive encoding', '1', '1988-11-06 00:52:23', '1974-07-02 23:35:13'),
(795, 'Angus', '1-522-305-5870x0340', 'Self-enabling explicit collaboration', '2', '1977-08-23 10:05:20', '1982-10-03 00:43:08'),
(796, 'Bruce', '+95(8)0544587797', 'Right-sized didactic functionalities', '1', '1996-02-08 03:49:38', '1986-11-20 20:23:54'),
(797, 'Kristopher', '466-937-0585x036', 'Right-sized 24hour conglomeration', '2', '2021-12-29 06:08:45', '2015-07-04 15:44:13'),
(798, 'Taylor', '707.700.3201', 'Realigned real-time interface', '2', '1973-01-09 16:48:44', '1992-01-27 01:45:08'),
(799, 'Hiram', '(402)960-6183', 'Phased impactful firmware', '2', '1983-04-22 13:39:43', '1977-03-13 22:22:54'),
(800, 'Axel', '+59(9)2454873942', 'Enhanced demand-driven analyzer', '3', '1996-01-24 17:16:17', '1992-03-04 21:17:38'),
(801, 'Emory', '285-030-1706x30109', 'Function-based assymetric throughput', '1', '2002-03-13 21:02:22', '2006-09-19 10:44:00'),
(802, 'Hassan', '946-154-0894x77911', 'Adaptive upward-trending service-desk', '3', '1971-12-27 15:36:59', '2006-07-19 11:55:40'),
(803, 'Guy', '088-235-2620x01350', 'Decentralized disintermediate encoding', '3', '1978-05-09 11:24:08', '1985-09-14 22:35:24'),
(804, 'Deon', '293.244.9120x954', 'Front-line intangible securedline', '2', '2003-06-23 07:16:28', '1998-10-22 15:58:12'),
(805, 'Ephraim', '(722)079-6272', 'Implemented system-worthy pricingstructure', '3', '1973-11-14 06:56:54', '1974-10-25 07:31:32'),
(806, 'Mack', '(609)922-0080x759', 'Function-based bottom-line toolset', '3', '1994-06-14 23:38:56', '1994-01-04 17:15:28'),
(807, 'Reynold', '012.499.0717', 'Universal empowering attitude', '3', '1987-11-14 14:53:11', '1994-11-30 09:39:26'),
(808, 'Jamaal', '(409)700-4591', 'Devolved dynamic approach', '1', '2013-01-27 19:14:44', '2017-06-25 18:21:12'),
(809, 'Hardy', '1-963-573-5187', 'Focused fault-tolerant application', '3', '2008-01-18 08:02:55', '1992-12-26 19:09:52'),
(810, 'Alvis', '102-748-3840x0549', 'Networked 6thgeneration archive', '2', '2012-09-29 17:44:11', '1981-06-05 08:21:55'),
(811, 'Van', '484-870-7924', 'User-centric 3rdgeneration website', '3', '1985-09-02 06:23:46', '2015-03-19 08:12:17'),
(812, 'Julian', '(863)672-0108x38195', 'Triple-buffered impactful success', '3', '1971-06-29 16:25:13', '1995-07-12 08:21:06');
INSERT INTO `buku_tamu` (`id`, `nama`, `no_hp`, `instansi`, `layanan`, `created_at`, `updated_at`) VALUES
(813, 'Laverna', '(887)679-3336x65945', 'Exclusive intangible concept', '2', '2022-06-10 19:55:06', '1973-07-22 19:55:28'),
(814, 'Candido', '1-352-373-1281', 'Vision-oriented well-modulated localareanetwork', '3', '1972-01-24 00:57:24', '1984-05-15 06:13:11'),
(815, 'Hardy', '+58(2)0325498649', 'Expanded explicit solution', '1', '1986-11-04 03:54:22', '2019-05-16 11:39:48'),
(816, 'Beau', '(302)762-6685x7027', 'Distributed responsive groupware', '2', '2011-01-14 16:42:46', '1992-09-03 03:09:39'),
(817, 'August', '659.779.1318x55555', 'Horizontal fresh-thinking emulation', '3', '2013-10-04 17:38:05', '2020-01-23 13:57:24'),
(818, 'Kennedi', '1-619-137-6061', 'Versatile neutral budgetarymanagement', '3', '2007-03-26 05:13:09', '2004-10-03 12:58:46'),
(819, 'Guido', '938.979.1481', 'Operative grid-enabled info-mediaries', '3', '2022-08-17 20:43:32', '1983-08-27 03:57:42'),
(820, 'Arnaldo', '(909)501-0170', 'Progressive reciprocal portal', '3', '2001-05-10 04:57:10', '1995-07-23 01:15:08'),
(821, 'Brycen', '1-074-246-1184x9736', 'Open-architected mission-critical moratorium', '2', '2023-03-05 19:54:34', '2013-06-23 04:07:31'),
(822, 'Dillan', '657.015.8365x664', 'Reduced incremental software', '1', '1976-08-14 23:09:07', '1993-10-18 21:36:25'),
(823, 'Garland', '+35(8)5437059802', 'Compatible uniform workforce', '2', '1991-08-17 17:40:56', '2021-07-18 21:53:31'),
(824, 'Arely', '04679002166', 'Open-source zeroadministration matrix', '1', '2009-11-07 04:06:20', '2010-09-25 13:43:56'),
(825, 'Dan', '(930)215-2389', 'Operative client-driven processimprovement', '3', '2022-11-04 22:59:58', '2005-10-04 10:12:16'),
(826, 'Keon', '(424)577-2809', 'Function-based scalable time-frame', '1', '2022-09-23 19:55:45', '1985-07-20 14:19:35'),
(827, 'Larry', '(613)507-7636x1153', 'Progressive heuristic firmware', '1', '2022-01-26 04:57:03', '1988-04-30 08:37:00'),
(828, 'Daryl', '876-089-0150x044', 'Profound uniform project', '2', '1991-07-19 22:34:04', '2007-04-12 00:15:55'),
(829, 'Joel', '369-098-8143x732', 'Customer-focused neutral encoding', '1', '1975-12-26 06:52:44', '1978-12-13 18:30:50'),
(830, 'Enrico', '221.341.4638x0359', 'Business-focused demand-driven moratorium', '2', '2015-11-05 20:38:39', '2016-08-27 08:47:38'),
(831, 'Grayce', '1-391-362-0607', 'Fundamental composite leverage', '2', '1983-01-14 01:07:37', '2015-05-02 05:57:33'),
(832, 'Kenneth', '06852783535', 'Synchronised value-added adapter', '2', '1987-02-12 16:23:39', '2022-04-28 02:55:51'),
(833, 'Irving', '655-491-7591', 'Assimilated leadingedge monitoring', '1', '2013-06-08 14:50:21', '2019-01-26 14:25:41'),
(834, 'Jett', '744.791.0027x5497', 'User-centric nextgeneration data-warehouse', '2', '1979-08-27 16:26:26', '1988-07-26 07:56:46'),
(835, 'Koby', '(529)737-3347x2121', 'Reduced attitude-oriented orchestration', '2', '1995-07-01 10:31:24', '2003-08-10 00:22:36'),
(836, 'Alford', '05345565452', 'Reduced bifurcated firmware', '1', '2018-01-21 00:14:22', '1989-05-23 03:17:24'),
(837, 'Geovany', '08439746012', 'Virtual didactic concept', '2', '1987-08-26 00:55:20', '1993-10-27 16:29:01'),
(838, 'Demarcus', '1-656-051-8684', 'Switchable well-modulated strategy', '2', '1980-12-03 11:10:33', '1973-05-22 18:53:55'),
(839, 'Lonzo', '1-205-068-8121x1701', 'Cross-platform multi-tasking matrices', '3', '1986-12-15 17:30:04', '2008-12-12 05:23:38'),
(840, 'Zechariah', '+56(7)9289181541', 'Cross-group zeroadministration instructionset', '2', '1993-01-10 19:44:40', '1993-05-24 21:14:44'),
(841, 'Porter', '(930)123-6279x033', 'Networked nextgeneration knowledgebase', '3', '1996-04-07 20:13:24', '2016-02-06 21:57:56'),
(842, 'Toy', '09318626021', 'Compatible analyzing standardization', '1', '2017-06-27 12:49:35', '1977-07-20 09:22:06'),
(843, 'Cloyd', '(224)937-1168', 'Object-based systemic projection', '2', '1981-02-02 01:24:02', '1998-02-09 21:59:38'),
(844, 'Isaac', '00095088833', 'Progressive explicit hierarchy', '2', '2000-03-26 04:41:43', '2017-10-30 21:57:53'),
(845, 'Ransom', '1-350-852-7027', 'Monitored discrete focusgroup', '2', '1980-11-15 08:59:12', '1975-11-28 00:22:54'),
(846, 'Gay', '(510)962-2622x25960', 'Decentralized solution-oriented capacity', '3', '2012-12-31 20:27:08', '2011-09-16 02:56:35'),
(847, 'Nicholaus', '(803)900-6391', 'Digitized high-level functionalities', '1', '1984-11-14 15:48:32', '1984-06-08 03:21:56'),
(848, 'Mitchel', '646.471.9675x31568', 'Balanced hybrid moderator', '1', '2009-03-28 17:18:41', '2015-11-18 07:22:17'),
(849, 'Walker', '1-392-978-1060x27383', 'Customer-focused static challenge', '1', '1970-08-21 18:15:27', '1973-06-27 23:43:14'),
(850, 'Julien', '426-797-0026', 'Monitored upward-trending product', '2', '2022-02-02 23:58:14', '1995-07-23 07:02:48'),
(851, 'Cecil', '485-849-4191', 'Operative needs-based budgetarymanagement', '2', '2008-04-16 18:52:12', '1988-07-29 19:27:53'),
(852, 'Larry', '(044)140-0625', 'Customizable solution-oriented ability', '2', '2012-12-04 06:18:13', '1994-04-13 04:02:14'),
(853, 'Travis', '1-988-269-7838x9162', 'Total impactful task-force', '1', '1985-10-01 23:19:43', '2022-06-18 22:21:27'),
(854, 'Oda', '1-014-122-3920x5917', 'Distributed leadingedge support', '1', '1989-08-25 14:21:29', '1987-03-20 02:43:32'),
(855, 'Brock', '1-325-344-1205x7121', 'Multi-tiered multi-tasking GraphicalUserInterface', '2', '2012-03-05 01:56:24', '2013-02-11 23:56:45'),
(856, 'Jose', '923-629-8486x147', 'Optional foreground service-desk', '2', '2019-05-05 08:27:18', '1998-07-27 07:28:10'),
(857, 'Hank', '1-149-295-2223x195', 'Horizontal encompassing array', '1', '2007-05-12 05:14:20', '2009-12-04 04:52:30'),
(858, 'Finn', '134.098.9331', 'Up-sized even-keeled encryption', '2', '1993-09-18 09:17:12', '1975-07-07 20:25:53'),
(859, 'Gianni', '+24(9)5552220214', 'Front-line cohesive functionalities', '1', '1970-03-02 22:09:39', '1989-01-03 04:01:02'),
(860, 'Judge', '630-006-2224', 'Optional well-modulated workforce', '1', '2004-02-16 18:14:21', '2011-05-12 04:18:26'),
(861, 'Bertha', '1-816-144-5841x0844', 'Right-sized content-based frame', '3', '1972-06-01 08:14:14', '2008-11-09 16:56:06'),
(862, 'Llewellyn', '190.807.9527x5682', 'Synchronised stable definition', '1', '1989-10-17 19:00:24', '1974-01-09 12:58:12'),
(863, 'Rosendo', '1-382-160-8733x050', 'Seamless static instructionset', '1', '1991-03-20 04:10:20', '2009-05-02 01:14:40'),
(864, 'Maximillian', '(908)483-6656', 'Customizable fresh-thinking portal', '1', '1998-10-02 19:02:41', '2004-03-08 22:06:18'),
(865, 'Darron', '02548979481', 'Programmable contextually-based benchmark', '3', '1972-10-22 02:43:40', '2016-05-16 09:13:54'),
(866, 'Brandon', '1-997-348-4399x885', 'Customer-focused scalable project', '1', '1992-09-19 02:09:43', '2012-12-23 23:41:12'),
(867, 'Rodger', '+56(1)6889801532', 'Team-oriented heuristic artificialintelligence', '3', '1981-03-26 00:33:23', '1971-07-22 00:23:16'),
(868, 'Stephan', '924.829.0254x5069', 'Up-sized optimal artificialintelligence', '1', '1980-04-29 02:31:12', '1991-07-27 10:57:00'),
(869, 'Rene', '(861)365-9069', 'Multi-tiered stable systemengine', '2', '2018-07-26 10:16:02', '2003-10-31 11:50:25'),
(870, 'Johnathan', '427.308.2915x052', 'Front-line heuristic product', '3', '2001-04-13 18:36:55', '2002-06-13 23:56:41'),
(871, 'Eliezer', '292.518.3162x826', 'Team-oriented mobile analyzer', '1', '1981-11-29 01:36:47', '2021-03-13 02:31:05'),
(872, 'Evert', '108.539.8638x04369', 'Reverse-engineered analyzing encoding', '3', '1976-02-01 06:27:26', '2007-11-19 23:39:56'),
(873, 'Golden', '1-974-879-4981x3342', 'Persevering demand-driven hardware', '1', '2017-01-16 00:13:10', '1971-09-26 21:23:43'),
(874, 'Chance', '1-093-865-7300x68462', 'Front-line disintermediate help-desk', '1', '2010-07-29 00:21:20', '2010-06-25 20:15:33'),
(875, 'Alexis', '(394)004-7448', 'Optimized disintermediate workforce', '3', '1979-01-08 15:57:49', '1988-09-07 00:34:57'),
(876, 'Bennett', '866-598-0235', 'Business-focused attitude-oriented access', '1', '1972-08-21 10:08:55', '1987-11-23 05:06:31'),
(877, 'Adriel', '030.503.7770x3103', 'Persevering high-level forecast', '2', '1981-05-27 03:45:16', '1997-04-05 19:10:59'),
(878, 'Lamar', '897.865.1123x90991', 'Customer-focused responsive leverage', '2', '2012-02-29 01:15:12', '2000-04-01 02:59:26'),
(879, 'Rey', '446-183-8251', 'Organized non-volatile superstructure', '3', '1997-07-19 08:36:40', '2023-09-25 22:30:16'),
(880, 'Niko', '08273168039', 'Operative impactful help-desk', '3', '1984-09-17 02:06:30', '1984-07-20 10:15:40'),
(881, 'Derick', '615-624-9390', 'Visionary holistic toolset', '1', '2018-03-13 16:07:49', '2012-11-08 00:05:05'),
(882, 'Pietro', '270-552-9316', 'User-centric modular hub', '1', '1998-01-09 00:24:49', '1974-11-22 13:08:29'),
(883, 'Dalton', '(855)864-8472x2621', 'Ergonomic content-based software', '2', '1982-02-09 11:54:24', '1986-04-14 10:20:09'),
(884, 'Henry', '266-103-7452x219', 'Optional intangible hierarchy', '2', '1986-05-12 02:31:42', '2004-04-10 10:00:41'),
(885, 'Maximus', '00865173626', 'Decentralized tertiary product', '3', '2022-03-14 23:41:56', '1992-04-03 13:12:34'),
(886, 'Enid', '01573121474', 'Multi-lateral eco-centric architecture', '1', '2015-07-03 02:57:44', '1981-12-26 17:05:55'),
(887, 'Rickey', '1-973-683-0544x236', 'Assimilated bandwidth-monitored utilisation', '3', '2016-12-19 15:26:58', '2011-07-29 07:13:14'),
(888, 'Brook', '09334636364', 'Universal local forecast', '3', '2019-12-06 15:18:17', '2008-12-28 18:50:12'),
(889, 'Daryl', '495.107.6656', 'Cross-group tertiary synergy', '1', '2004-05-30 17:21:15', '1985-08-18 09:41:37'),
(890, 'Tanner', '622.536.0878', 'Optimized disintermediate help-desk', '1', '2001-08-29 15:34:30', '1991-10-08 09:42:23'),
(891, 'Thaddeus', '06707318067', 'Decentralized motivating orchestration', '1', '2000-09-04 14:15:37', '1994-02-18 03:30:48'),
(892, 'Newton', '197-594-2888x738', 'Compatible neutral infrastructure', '1', '1976-01-20 03:10:02', '2007-07-24 20:35:44'),
(893, 'Emerson', '450.940.3491', 'Digitized disintermediate installation', '3', '1989-01-11 14:26:06', '2013-09-17 03:07:11'),
(894, 'Jerod', '06735688335', 'Multi-lateral tangible internetsolution', '2', '2014-11-19 09:10:39', '2021-11-22 01:11:56'),
(895, 'Franz', '1-908-558-8613x19335', 'Object-based modular neural-net', '2', '1997-12-16 20:35:45', '1980-02-12 14:35:01'),
(896, 'Dane', '+47(1)7320815400', 'Optional full-range archive', '1', '1990-05-14 00:30:12', '1979-03-03 09:59:27'),
(897, 'Travis', '813-814-6520', 'Organic coherent opensystem', '3', '2009-09-22 13:06:57', '1974-05-10 23:11:12'),
(898, 'Delaney', '+66(9)1078498893', 'Universal value-added standardization', '3', '2018-05-01 01:08:55', '2012-05-23 05:26:43'),
(899, 'Dean', '1-534-518-3163x0283', 'Persistent secondary attitude', '1', '1972-09-15 22:30:10', '1998-05-19 11:21:35'),
(900, 'Brendan', '127-346-1588', 'Assimilated neutral knowledgeuser', '1', '1972-07-08 15:22:33', '2005-09-20 18:44:31'),
(901, 'Mallory', '(175)161-0197x98620', 'Diverse 6thgeneration moratorium', '3', '1971-11-30 14:37:05', '2011-08-23 16:26:43'),
(902, 'Monserrate', '847-700-6960x942', 'Persevering high-level groupware', '2', '1984-05-27 23:12:58', '1976-10-25 20:38:10'),
(903, 'Rashawn', '+65(5)0833660296', 'Horizontal 24hour flexibility', '2', '1980-04-19 19:24:58', '2023-06-27 08:02:24'),
(904, 'Uriah', '+69(0)8401336172', 'Re-engineered attitude-oriented localareanetwork', '2', '2015-09-09 23:50:29', '1985-10-05 21:58:42'),
(905, 'Branson', '(273)402-1523', 'Customizable client-server data-warehouse', '1', '1984-07-13 23:27:53', '1984-10-20 16:40:10'),
(906, 'Terrell', '+98(6)8853163623', 'Configurable intangible processimprovement', '1', '2019-12-27 01:36:34', '2022-02-19 19:18:47'),
(907, 'Otis', '+13(3)3639361702', 'Up-sized asynchronous time-frame', '1', '1972-03-15 21:09:13', '1983-12-11 20:43:41'),
(908, 'Jon', '04125634868', 'Multi-lateral encompassing protocol', '1', '2002-09-16 17:48:03', '2020-07-15 21:47:06'),
(909, 'Nathaniel', '328.509.4595x211', 'Profit-focused zerotolerance circuit', '1', '1993-05-11 19:54:50', '2005-09-01 03:41:27'),
(910, 'Jake', '984-729-2173x3172', 'Diverse real-time methodology', '2', '1971-02-25 08:50:29', '1979-09-09 15:33:49'),
(911, 'Ashton', '807.530.9208', 'Front-line user-facing localareanetwork', '3', '2008-02-08 14:43:40', '2013-01-01 07:06:34'),
(912, 'Isaias', '054.516.4920x38578', 'Operative encompassing concept', '2', '2005-07-10 21:20:27', '1974-08-30 21:27:30'),
(913, 'Walter', '1-967-385-7784x990', 'Intuitive bi-directional utilisation', '2', '2020-01-07 14:35:15', '1993-12-09 15:05:50'),
(914, 'Michel', '(561)376-7035x011', 'Team-oriented grid-enabled opensystem', '1', '1989-01-03 08:39:04', '1998-07-13 23:14:28'),
(915, 'Branson', '1-542-665-7506x7641', 'Facetoface real-time access', '2', '2009-06-30 06:21:11', '2016-11-11 09:08:55'),
(916, 'Lucius', '(096)926-9444x0532', 'Diverse 3rdgeneration firmware', '2', '2023-10-04 04:47:29', '2017-01-22 21:41:10'),
(917, 'Mario', '523.807.4679', 'Multi-channelled exuding workforce', '3', '2018-07-31 21:55:22', '1997-06-21 13:45:43'),
(918, 'Sean', '(830)908-7469x6461', 'Grass-roots asynchronous pricingstructure', '3', '1988-07-25 12:29:01', '2001-03-06 08:01:07'),
(919, 'Ulices', '1-449-695-2690x35860', 'Switchable interactive project', '2', '1989-01-28 18:13:17', '1984-06-06 06:33:29'),
(920, 'Carson', '+96(8)4250665294', 'Grass-roots global processimprovement', '3', '1980-08-31 08:24:53', '2020-01-07 17:09:36'),
(921, 'Chester', '983.007.6165', 'Sharable explicit securedline', '1', '1995-11-17 16:47:27', '1981-07-17 20:02:27'),
(922, 'Gussie', '+50(3)9395497566', 'Universal scalable processimprovement', '1', '2020-02-20 23:31:21', '2009-09-07 03:03:50'),
(923, 'Deven', '1-954-720-3486', 'Reduced value-added hardware', '1', '1985-06-22 06:57:29', '2020-09-02 18:25:31'),
(924, 'Harley', '559.939.8986x441', 'Distributed even-keeled throughput', '3', '1999-12-21 04:18:34', '1996-12-23 00:48:36'),
(925, 'Pedro', '(431)120-1432x64612', 'Intuitive modular parallelism', '1', '1991-06-17 22:59:46', '1993-03-04 16:13:39'),
(926, 'Chadrick', '733.086.4834x15629', 'Cross-group executive function', '1', '2014-11-02 22:26:06', '1996-02-10 08:54:10'),
(927, 'Taylor', '(224)377-0844x7337', 'Triple-buffered heuristic benchmark', '3', '1987-03-28 12:24:15', '2004-11-21 02:27:48'),
(928, 'Enrique', '938.451.8560x371', 'Future-proofed static hierarchy', '3', '1995-05-18 04:54:20', '2002-08-22 01:17:38'),
(929, 'Haskell', '103.408.6295x64024', 'Automated holistic analyzer', '2', '1993-06-18 11:22:47', '1972-08-13 16:51:21'),
(930, 'Isaias', '892-888-1474x53279', 'Stand-alone asynchronous firmware', '1', '2009-04-09 15:38:36', '2022-08-16 15:37:19'),
(931, 'Giovanni', '(056)080-3668', 'Focused object-oriented model', '1', '1993-06-15 09:24:05', '1974-09-04 22:33:47'),
(932, 'Rocky', '228-503-4807x027', 'Managed maximized forecast', '1', '1995-03-18 19:49:38', '2010-11-06 14:06:55'),
(933, 'Ryleigh', '739.532.2168', 'Self-enabling 3rdgeneration opensystem', '3', '1997-08-04 15:41:24', '1989-04-17 19:41:35'),
(934, 'Johnpaul', '832.772.5198', 'Reactive cohesive intranet', '1', '2010-03-29 12:08:52', '1989-11-11 08:03:48'),
(935, 'Nicklaus', '842-238-6271', 'Right-sized zerodefect methodology', '3', '1977-06-14 18:13:07', '1996-02-05 17:15:50'),
(936, 'Stewart', '(956)972-8579x4501', 'Seamless nextgeneration algorithm', '3', '1980-07-03 02:45:11', '1988-05-28 13:25:08'),
(937, 'Wilfrid', '1-932-781-6180x37639', 'Synergized executive strategy', '2', '1997-10-31 01:26:23', '1994-03-08 09:10:56'),
(938, 'Elbert', '463.563.7499x140', 'Automated zeroadministration architecture', '2', '1975-10-12 10:30:16', '2003-04-24 00:59:54'),
(939, 'Ulises', '1-340-677-4428', 'Automated responsive migration', '2', '2000-09-20 20:54:23', '1990-10-13 16:17:04'),
(940, 'Foster', '120.728.5873', 'Enhanced regional initiative', '1', '1999-07-12 01:53:35', '2011-12-29 11:34:17'),
(941, 'Soledad', '623.205.5520', 'Devolved cohesive hierarchy', '1', '1991-12-28 03:46:10', '1997-08-13 05:56:37'),
(942, 'Jerel', '(711)015-0043', 'Phased 24/7 collaboration', '1', '1989-12-17 04:02:50', '2018-09-12 01:51:06'),
(943, 'Alford', '(011)034-5702', 'Persistent assymetric approach', '2', '1981-08-03 11:03:52', '2001-01-28 03:30:49'),
(944, 'Gaylord', '779.043.8391', 'Digitized client-driven firmware', '2', '2013-07-22 05:27:43', '2005-03-20 06:31:31'),
(945, 'Justyn', '+90(4)2084751422', 'Cloned composite intranet', '1', '2024-01-04 07:45:36', '2023-03-10 16:04:08'),
(946, 'Adrian', '735.099.7023x855', 'Balanced discrete task-force', '3', '1973-11-24 17:03:33', '1990-04-27 02:42:34'),
(947, 'Branson', '737-571-3097', 'Business-focused bifurcated toolset', '3', '1976-08-20 02:49:06', '2014-04-14 04:39:19'),
(948, 'Orlando', '(134)459-1280x925', 'Cross-platform transitional GraphicalUserInterface', '2', '2014-09-02 07:49:07', '1971-07-03 04:58:32'),
(949, 'Arjun', '257.569.4257x902', 'Reactive 24hour portal', '2', '2003-10-09 17:18:17', '1975-01-01 21:48:56'),
(950, 'Olaf', '729-119-2083x576', 'Grass-roots homogeneous algorithm', '2', '1971-09-14 17:03:11', '2023-01-11 09:02:28'),
(951, 'Izaiah', '933.864.2691x4826', 'Progressive multimedia product', '3', '1982-11-13 05:28:49', '1973-12-29 19:44:12'),
(952, 'Dante', '06691606155', 'Reverse-engineered multimedia focusgroup', '1', '2018-09-21 06:43:59', '1985-09-17 05:18:52'),
(953, 'Leif', '+70(2)3383310113', 'Cross-group context-sensitive neural-net', '2', '1987-05-20 12:41:51', '1978-05-29 23:34:13'),
(954, 'Dedric', '+50(0)7137064111', 'Up-sized human-resource access', '1', '1976-08-09 09:51:14', '1992-05-20 19:49:14'),
(955, 'Lesley', '062-889-9435x985', 'Facetoface contextually-based solution', '2', '2014-11-27 00:50:06', '1980-07-06 10:33:39'),
(956, 'Roberto', '1-585-130-1048', 'Self-enabling demand-driven encryption', '3', '1999-04-09 11:42:32', '1991-04-03 07:35:58'),
(957, 'Lazaro', '630.988.2773x319', 'Balanced holistic success', '3', '1985-07-17 10:59:12', '2003-11-26 02:20:14'),
(958, 'Lambert', '(453)282-2587x7578', 'Reduced exuding hierarchy', '1', '2004-12-18 09:25:31', '1979-06-06 20:32:04'),
(959, 'Terrence', '(962)245-0010x5469', 'Facetoface upward-trending alliance', '3', '2019-12-06 20:11:06', '2021-03-26 17:33:35'),
(960, 'Jonas', '635-046-7839x6352', 'Organic empowering data-warehouse', '3', '1986-12-13 19:16:29', '1995-10-23 03:29:41'),
(961, 'Ryan', '876-188-5857x8776', 'De-engineered bifurcated portal', '1', '1985-01-21 10:52:34', '2000-08-04 01:16:57'),
(962, 'Saige', '516.910.4220', 'Horizontal web-enabled matrix', '2', '2000-03-18 05:08:25', '2009-12-17 14:25:16'),
(963, 'Zackary', '1-451-659-8955x3544', 'Programmable leadingedge toolset', '1', '2022-04-06 06:49:50', '1979-08-13 15:23:57'),
(964, 'Johnathan', '05473027695', 'Extended heuristic neural-net', '2', '2022-09-03 18:48:36', '2020-06-20 03:24:54'),
(965, 'Arely', '503.928.8699', 'Profit-focused dynamic encryption', '3', '1993-05-31 13:27:18', '1991-03-13 03:34:00'),
(966, 'German', '05389917091', 'Reduced bi-directional localareanetwork', '3', '1975-01-22 06:27:42', '1975-06-21 03:00:09'),
(967, 'Tavares', '935-252-9818', 'Progressive hybrid protocol', '3', '2016-02-09 07:37:57', '2009-01-22 21:50:15'),
(968, 'Ewald', '518-184-1520', 'Decentralized homogeneous encryption', '1', '2023-08-23 11:52:41', '1977-07-10 11:25:59'),
(969, 'Rudy', '1-687-346-3575x24488', 'Front-line responsive customerloyalty', '2', '2013-06-21 18:17:39', '2021-04-30 20:57:54'),
(970, 'Austin', '445.617.0037x056', 'Profit-focused zerodefect moratorium', '3', '2010-03-23 16:59:08', '2017-08-23 03:29:57'),
(971, 'Elton', '857-998-1482', 'Front-line high-level conglomeration', '2', '1981-07-13 22:55:53', '1970-03-19 03:19:37'),
(972, 'Gayle', '01181157805', 'Expanded full-range complexity', '3', '2003-07-28 01:42:01', '2015-01-24 16:09:55'),
(973, 'Ariel', '044.900.8129', 'Organic needs-based model', '2', '2012-08-28 19:09:42', '2023-10-18 16:45:04'),
(974, 'Gayle', '+71(1)3383531144', 'Cross-group secondary GraphicInterface', '2', '2012-04-15 03:59:15', '1981-12-30 07:24:20'),
(975, 'Paul', '726.413.1326x6952', 'Implemented tangible service-desk', '3', '1994-10-28 00:47:05', '1984-01-29 18:39:42'),
(976, 'Easton', '(618)673-8260', 'Virtual human-resource extranet', '2', '2002-06-29 09:40:32', '2004-03-06 14:02:40'),
(977, 'Terry', '+71(6)9353617597', 'Quality-focused upward-trending strategy', '1', '2021-10-12 10:55:54', '2002-05-16 18:12:04'),
(978, 'Keenan', '+46(3)7945645200', 'Managed logistical knowledgeuser', '3', '2000-01-03 02:30:47', '1975-09-12 07:01:30'),
(979, 'Pierce', '+93(0)5778065535', 'Adaptive analyzing complexity', '3', '1995-04-29 08:45:40', '2017-07-04 18:52:32'),
(980, 'Geovanny', '+21(8)7577842613', 'Centralized 6thgeneration knowledgebase', '2', '1977-12-10 02:54:57', '1987-06-24 12:33:06'),
(981, 'Jamison', '1-374-396-6535x204', 'Team-oriented local migration', '3', '2019-01-10 20:34:11', '1978-02-10 12:58:52'),
(982, 'Lincoln', '1-465-635-1140x27417', 'Multi-channelled 4thgeneration implementation', '1', '1979-09-06 09:24:40', '1999-04-18 19:35:00'),
(983, 'Niko', '1-079-532-4907', 'Innovative analyzing hub', '1', '1996-04-21 17:30:22', '1999-05-06 19:09:11'),
(984, 'Everardo', '1-395-824-6246', 'Pre-emptive global application', '2', '2007-10-08 02:19:32', '2014-12-20 02:29:38'),
(985, 'Jamil', '297.313.9072x8008', 'Ergonomic radical success', '3', '1979-11-08 06:49:40', '1983-06-02 18:21:42'),
(986, 'Emory', '1-228-282-7300', 'Pre-emptive 5thgeneration info-mediaries', '2', '2021-11-29 23:45:31', '2022-01-29 20:02:03'),
(987, 'Keyon', '783.152.2728x68792', 'Business-focused even-keeled forecast', '3', '1993-01-26 05:20:39', '1986-12-06 21:38:22'),
(988, 'Carmine', '200.217.0882x53866', 'Compatible intangible product', '3', '1997-02-18 00:09:56', '1975-06-26 14:31:50'),
(989, 'Greg', '(055)265-0872x2833', 'User-centric directional support', '2', '1983-06-10 04:46:15', '1975-02-02 03:36:15'),
(990, 'Arvel', '279.715.6141', 'Reactive bandwidth-monitored groupware', '3', '2010-05-11 18:29:30', '2010-07-01 16:16:25'),
(991, 'Shad', '1-329-843-2934x39896', 'Customizable actuating hub', '1', '1979-04-15 12:35:37', '2005-02-23 03:14:03'),
(992, 'Frederic', '(260)706-4624x100', 'Intuitive methodical adapter', '3', '1982-04-02 08:40:54', '1993-02-16 14:44:38'),
(993, 'Rusty', '980-280-9465x90533', 'Fully-configurable coherent time-frame', '3', '2001-03-24 05:42:56', '1977-07-07 10:14:29'),
(994, 'Rogelio', '989-853-3718x29037', 'Future-proofed high-level ability', '3', '1988-12-06 12:13:07', '1989-12-07 23:01:58'),
(995, 'Weston', '(786)383-3346', 'Open-architected executive concept', '2', '1989-06-06 10:27:38', '1989-10-31 03:51:53'),
(996, 'Olaf', '050.020.8514x78805', 'Synergized holistic matrices', '3', '2009-01-14 07:34:34', '1994-04-30 05:26:49'),
(997, 'Fermin', '1-275-761-5636x4411', 'Polarised tangible utilisation', '2', '1977-09-24 18:31:15', '2019-11-10 17:24:07'),
(998, 'Kelton', '1-744-249-4602x97536', 'Operative foreground solution', '3', '2019-10-03 05:20:57', '1978-08-28 20:24:50'),
(999, 'Lonzo', '419-988-9686', 'Fully-configurable incremental info-mediaries', '3', '2011-11-06 05:28:25', '2016-08-07 03:25:05'),
(1000, 'Jeramie', '1-426-154-5457', 'Ameliorated bifurcated middleware', '3', '1984-12-30 07:51:07', '2002-01-24 00:23:28');

-- --------------------------------------------------------

--
-- Struktur dari tabel `cs`
--

CREATE TABLE `cs` (
  `id` int(11) NOT NULL,
  `layanan` int(11) NOT NULL,
  `nama_pelayan` varchar(255) NOT NULL
) ENGINE=InnoDB DEFAULT CHARSET=utf8mb4;

-- --------------------------------------------------------

--
-- Struktur dari tabel `failed_jobs`
--

CREATE TABLE `failed_jobs` (
  `id` bigint(20) UNSIGNED NOT NULL,
  `uuid` varchar(255) COLLATE utf8mb4_unicode_ci NOT NULL,
  `connection` text COLLATE utf8mb4_unicode_ci NOT NULL,
  `queue` text COLLATE utf8mb4_unicode_ci NOT NULL,
  `payload` longtext COLLATE utf8mb4_unicode_ci NOT NULL,
  `exception` longtext COLLATE utf8mb4_unicode_ci NOT NULL,
  `failed_at` timestamp NOT NULL DEFAULT current_timestamp()
) ENGINE=InnoDB DEFAULT CHARSET=utf8mb4 COLLATE=utf8mb4_unicode_ci;

-- --------------------------------------------------------

--
-- Struktur dari tabel `kategori`
--

CREATE TABLE `kategori` (
  `id` int(11) NOT NULL,
  `nama_kategori` varchar(255) NOT NULL
) ENGINE=InnoDB DEFAULT CHARSET=utf8mb4;

-- --------------------------------------------------------

--
-- Struktur dari tabel `layanan`
--

CREATE TABLE `layanan` (
  `id` int(11) NOT NULL,
  `nama_layanan` varchar(50) NOT NULL
) ENGINE=InnoDB DEFAULT CHARSET=utf8mb4;

--
-- Dumping data untuk tabel `layanan`
--

INSERT INTO `layanan` (`id`, `nama_layanan`) VALUES
(1, 'ULP'),
(2, 'LPSE'),
(3, 'ADVOKASI');

-- --------------------------------------------------------

--
-- Struktur dari tabel `migrations`
--

CREATE TABLE `migrations` (
  `id` int(10) UNSIGNED NOT NULL,
  `migration` varchar(255) COLLATE utf8mb4_unicode_ci NOT NULL,
  `batch` int(11) NOT NULL
) ENGINE=InnoDB DEFAULT CHARSET=utf8mb4 COLLATE=utf8mb4_unicode_ci;

--
-- Dumping data untuk tabel `migrations`
--

INSERT INTO `migrations` (`id`, `migration`, `batch`) VALUES
(1, '2014_10_12_000000_create_users_table', 1),
(2, '2014_10_12_100000_create_password_reset_tokens_table', 1),
(3, '2019_08_19_000000_create_failed_jobs_table', 1),
(4, '2019_12_14_000001_create_personal_access_tokens_table', 1);

-- --------------------------------------------------------

--
-- Struktur dari tabel `password_reset_tokens`
--

CREATE TABLE `password_reset_tokens` (
  `email` varchar(255) COLLATE utf8mb4_unicode_ci NOT NULL,
  `token` varchar(255) COLLATE utf8mb4_unicode_ci NOT NULL,
  `created_at` timestamp NULL DEFAULT NULL
) ENGINE=InnoDB DEFAULT CHARSET=utf8mb4 COLLATE=utf8mb4_unicode_ci;

-- --------------------------------------------------------

--
-- Struktur dari tabel `personal_access_tokens`
--

CREATE TABLE `personal_access_tokens` (
  `id` bigint(20) UNSIGNED NOT NULL,
  `tokenable_type` varchar(255) COLLATE utf8mb4_unicode_ci NOT NULL,
  `tokenable_id` bigint(20) UNSIGNED NOT NULL,
  `name` varchar(255) COLLATE utf8mb4_unicode_ci NOT NULL,
  `token` varchar(64) COLLATE utf8mb4_unicode_ci NOT NULL,
  `abilities` text COLLATE utf8mb4_unicode_ci DEFAULT NULL,
  `last_used_at` timestamp NULL DEFAULT NULL,
  `expires_at` timestamp NULL DEFAULT NULL,
  `created_at` timestamp NULL DEFAULT NULL,
  `updated_at` timestamp NULL DEFAULT NULL
) ENGINE=InnoDB DEFAULT CHARSET=utf8mb4 COLLATE=utf8mb4_unicode_ci;

-- --------------------------------------------------------

--
-- Struktur dari tabel `users`
--

CREATE TABLE `users` (
  `id` bigint(20) UNSIGNED NOT NULL,
  `name` varchar(255) COLLATE utf8mb4_unicode_ci NOT NULL,
  `email` varchar(255) COLLATE utf8mb4_unicode_ci NOT NULL,
  `email_verified_at` timestamp NULL DEFAULT NULL,
  `password` varchar(255) COLLATE utf8mb4_unicode_ci NOT NULL,
  `remember_token` varchar(100) COLLATE utf8mb4_unicode_ci DEFAULT NULL
) ENGINE=InnoDB DEFAULT CHARSET=utf8mb4 COLLATE=utf8mb4_unicode_ci;

--
-- Indexes for dumped tables
--

--
-- Indeks untuk tabel `buku_tamu`
--
ALTER TABLE `buku_tamu`
  ADD PRIMARY KEY (`id`);

--
-- Indeks untuk tabel `cs`
--
ALTER TABLE `cs`
  ADD PRIMARY KEY (`id`);

--
-- Indeks untuk tabel `failed_jobs`
--
ALTER TABLE `failed_jobs`
  ADD PRIMARY KEY (`id`),
  ADD UNIQUE KEY `failed_jobs_uuid_unique` (`uuid`);

--
-- Indeks untuk tabel `kategori`
--
ALTER TABLE `kategori`
  ADD PRIMARY KEY (`id`);

--
-- Indeks untuk tabel `layanan`
--
ALTER TABLE `layanan`
  ADD PRIMARY KEY (`id`);

--
-- Indeks untuk tabel `migrations`
--
ALTER TABLE `migrations`
  ADD PRIMARY KEY (`id`);

--
-- Indeks untuk tabel `password_reset_tokens`
--
ALTER TABLE `password_reset_tokens`
  ADD PRIMARY KEY (`email`);

--
-- Indeks untuk tabel `personal_access_tokens`
--
ALTER TABLE `personal_access_tokens`
  ADD PRIMARY KEY (`id`),
  ADD UNIQUE KEY `personal_access_tokens_token_unique` (`token`),
  ADD KEY `personal_access_tokens_tokenable_type_tokenable_id_index` (`tokenable_type`,`tokenable_id`);

--
-- Indeks untuk tabel `users`
--
ALTER TABLE `users`
  ADD PRIMARY KEY (`id`),
  ADD UNIQUE KEY `users_email_unique` (`email`);

--
-- AUTO_INCREMENT untuk tabel yang dibuang
--

--
-- AUTO_INCREMENT untuk tabel `buku_tamu`
--
ALTER TABLE `buku_tamu`
  MODIFY `id` int(9) UNSIGNED NOT NULL AUTO_INCREMENT, AUTO_INCREMENT=1001;

--
-- AUTO_INCREMENT untuk tabel `cs`
--
ALTER TABLE `cs`
  MODIFY `id` int(11) NOT NULL AUTO_INCREMENT;

--
-- AUTO_INCREMENT untuk tabel `failed_jobs`
--
ALTER TABLE `failed_jobs`
  MODIFY `id` bigint(20) UNSIGNED NOT NULL AUTO_INCREMENT;

--
-- AUTO_INCREMENT untuk tabel `kategori`
--
ALTER TABLE `kategori`
  MODIFY `id` int(11) NOT NULL AUTO_INCREMENT;

--
-- AUTO_INCREMENT untuk tabel `layanan`
--
ALTER TABLE `layanan`
  MODIFY `id` int(11) NOT NULL AUTO_INCREMENT, AUTO_INCREMENT=4;

--
-- AUTO_INCREMENT untuk tabel `migrations`
--
ALTER TABLE `migrations`
  MODIFY `id` int(10) UNSIGNED NOT NULL AUTO_INCREMENT, AUTO_INCREMENT=5;

--
-- AUTO_INCREMENT untuk tabel `personal_access_tokens`
--
ALTER TABLE `personal_access_tokens`
  MODIFY `id` bigint(20) UNSIGNED NOT NULL AUTO_INCREMENT;

--
-- AUTO_INCREMENT untuk tabel `users`
--
ALTER TABLE `users`
  MODIFY `id` bigint(20) UNSIGNED NOT NULL AUTO_INCREMENT;
COMMIT;

/*!40101 SET CHARACTER_SET_CLIENT=@OLD_CHARACTER_SET_CLIENT */;
/*!40101 SET CHARACTER_SET_RESULTS=@OLD_CHARACTER_SET_RESULTS */;
/*!40101 SET COLLATION_CONNECTION=@OLD_COLLATION_CONNECTION */;
